-- 테스트 계정
-- TODO: 테스트용이지만 비밀번호가 노출된 데이터 세팅. 개선하는 것이 좋을 지 고민해 보자.
insert into user_account (user_id, user_password, nickname, email, memo, created_at, created_by, modified_at, modified_by) values
('eoghks', 'eoghks1234', 'Eoghks', 'eoghks@gmail.com', 'I am Eoghks', now(), 'eoghks', now(), 'eoghks');
insert into user_account (user_id, user_password, nickname, email, memo, created_at, created_by, modified_at, modified_by) values
('eoghks2', 'eoghks1234', 'Eoghks2', 'eoghks2@gmail.com', 'I am Eoghks2', now(), 'eoghks2', now(), 'eoghks2');

-- 100 게시글
insert into article (user_account_id, title, content, hashtag, created_by, modified_by, created_at, modified_at) values ('eoghks2', 'Quisque porta volutpat erat.', 'Duis bibendum. Morbi non quam nec dui luctus rutrum. Nulla tellus.', 'Puce', 'Austine', 'Yvon', '2021-09-10 13:45:16', '2021-02-09 13:34:53');
insert into article (user_account_id, title, content, hashtag, created_by, modified_by, created_at, modified_at) values ('eoghks2', 'Mauris enim leo, rhoncus sed, vestibulum sit amet, cursus id, turpis.', 'Quisque porta volutpat erat. Quisque erat eros, viverra eget, congue eget, semper rutrum, nulla. Nunc purus.', null, 'Spike', 'Major', '2021-05-14 11:07:17', '2021-07-02 07:12:33');
insert into article (user_account_id, title, content, hashtag, created_by, modified_by, created_at, modified_at) values ('eoghks2', 'Duis bibendum.', 'Nullam porttitor lacus at turpis. Donec posuere metus vitae ipsum. Aliquam non mauris.', 'Aquamarine', 'Wendye', 'Binky', '2021-07-25 06:33:03', '2021-03-01 10:07:59');
insert into article (user_account_id, title, content, hashtag, created_by, modified_by, created_at, modified_at) values ('eoghks', 'In quis justo.', 'Curabitur at ipsum ac tellus semper interdum. Mauris ullamcorper purus sit amet nulla. Quisque arcu libero, rutrum ac, lobortis vel, dapibus at, diam.', 'Mauv', 'Madelyn', 'Bradney', '2021-03-15 18:04:18', '2021-05-25 14:15:18');
insert into article (user_account_id, title, content, hashtag, created_by, modified_by, created_at, modified_at) values ('eoghks', 'Donec dapibus.', 'Maecenas ut massa quis augue luctus tincidunt. Nulla mollis molestie lorem. Quisque ut erat.', null, 'Alano', 'Claudio', '2021-04-09 14:01:42', '2021-08-11 08:06:36');
insert into article (user_account_id, title, content, hashtag, created_by, modified_by, created_at, modified_at) values ('eoghks', 'Nunc rhoncus dui vel sem.', 'Suspendisse potenti. In eleifend quam a odio. In hac habitasse platea dictumst.', null, 'Orazio', 'Tynan', '2021-07-19 09:43:27', '2021-11-23 11:04:32');
insert into article (user_account_id, title, content, hashtag, created_by, modified_by, created_at, modified_at) values ('eoghks', 'Cum sociis natoque penatibus et magnis dis parturient montes, nascetur ridiculus mus.', 'Sed sagittis. Nam congue, risus semper porta volutpat, quam pede lobortis ligula, sit amet eleifend pede libero quis orci. Nullam molestie nibh in lectus.', 'Khaki', 'Horten', 'Debi', '2021-07-18 01:41:58', '2021-03-17 05:10:59');
insert into article (user_account_id, title, content, hashtag, created_by, modified_by, created_at, modified_at) values ('eoghks', 'Curabitur in libero ut massa volutpat convallis.', 'Duis bibendum. Morbi non quam nec dui luctus rutrum. Nulla tellus.', 'Red', 'Aldon', 'Uta', '2021-04-06 17:51:58', '2021-05-14 04:55:58');
insert into article (user_account_id, title, content, hashtag, created_by, modified_by, created_at, modified_at) values ('eoghks', 'Fusce lacus purus, aliquet at, feugiat non, pretium quis, lectus.', 'Maecenas ut massa quis augue luctus tincidunt. Nulla mollis molestie lorem. Quisque ut erat.', null, 'Marietta', 'Wolfie', '2021-04-16 15:12:34', '2021-04-07 01:01:31');
insert into article (user_account_id, title, content, hashtag, created_by, modified_by, created_at, modified_at) values ('eoghks', 'Quisque ut erat.', 'Suspendisse potenti. In eleifend quam a odio. In hac habitasse platea dictumst.', null, 'Collin', 'Skell', '2021-03-29 22:30:59', '2021-10-05 21:51:52');
insert into article (user_account_id, title, content, hashtag, created_by, modified_by, created_at, modified_at) values ('eoghks', 'Donec semper sapien a libero.', 'Nullam sit amet turpis elementum ligula vehicula consequat. Morbi a ipsum. Integer a nibh.', 'Aquamarine', 'Willdon', 'Oralee', '2021-07-26 14:25:05', '2021-06-13 20:51:42');
insert into article (user_account_id, title, content, hashtag, created_by, modified_by, created_at, modified_at) values ('eoghks', 'Sed vel enim sit amet nunc viverra dapibus.', 'Cras mi pede, malesuada in, imperdiet et, commodo vulputate, justo. In blandit ultrices enim. Lorem ipsum dolor sit amet, consectetuer adipiscing elit.', 'Khaki', 'Malanie', 'Axel', '2021-09-14 13:44:04', '2021-02-18 23:24:49');
insert into article (user_account_id, title, content, hashtag, created_by, modified_by, created_at, modified_at) values ('eoghks', 'In hac habitasse platea dictumst.', 'Cras non velit nec nisi vulputate nonummy. Maecenas tincidunt lacus at velit. Vivamus vel nulla eget eros elementum pellentesque.', 'Puce', 'Elsi', 'Doro', '2021-03-04 08:36:57', '2022-01-12 06:11:38');
insert into article (user_account_id, title, content, hashtag, created_by, modified_by, created_at, modified_at) values ('eoghks', 'Morbi sem mauris, laoreet ut, rhoncus aliquet, pulvinar sed, nisl.', 'Lorem ipsum dolor sit amet, consectetuer adipiscing elit. Proin risus. Praesent lectus.', 'Puce', 'Khalil', 'Alina', '2021-02-20 14:26:42', '2021-06-18 13:17:08');
insert into article (user_account_id, title, content, hashtag, created_by, modified_by, created_at, modified_at) values ('eoghks', 'Vestibulum ante ipsum primis in faucibus orci luctus et ultrices posuere cubilia Curae; Nulla dapibus dolor vel est.', 'Curabitur gravida nisi at nibh. In hac habitasse platea dictumst. Aliquam augue quam, sollicitudin vitae, consectetuer eget, rutrum at, lorem.', 'Pink', 'Dirk', 'Kermit', '2022-01-08 00:19:59', '2022-01-24 01:06:28');
insert into article (user_account_id, title, content, hashtag, created_by, modified_by, created_at, modified_at) values ('eoghks', 'Phasellus id sapien in sapien iaculis congue.', 'Mauris enim leo, rhoncus sed, vestibulum sit amet, cursus id, turpis. Integer aliquet, massa id lobortis convallis, tortor risus dapibus augue, vel accumsan tellus nisi eu orci. Mauris lacinia sapien quis libero.', 'Yellow', 'Wileen', 'Halsy', '2021-06-05 00:01:59', '2021-04-26 10:59:01');
insert into article (user_account_id, title, content, hashtag, created_by, modified_by, created_at, modified_at) values ('eoghks', 'Curabitur gravida nisi at nibh.', 'Maecenas tristique, est et tempus semper, est quam pharetra magna, ac consequat metus sapien ut nunc. Vestibulum ante ipsum primis in faucibus orci luctus et ultrices posuere cubilia Curae; Mauris viverra diam vitae quam. Suspendisse potenti.', 'Purple', 'Kelila', 'Den', '2021-06-05 07:32:18', '2021-09-14 08:21:42');
insert into article (user_account_id, title, content, hashtag, created_by, modified_by, created_at, modified_at) values ('eoghks', 'Aliquam augue quam, sollicitudin vitae, consectetuer eget, rutrum at, lorem.', 'Cras mi pede, malesuada in, imperdiet et, commodo vulputate, justo. In blandit ultrices enim. Lorem ipsum dolor sit amet, consectetuer adipiscing elit.', 'Purple', 'Brianne', 'Hallie', '2022-01-06 16:36:55', '2021-07-25 06:06:50');
insert into article (user_account_id, title, content, hashtag, created_by, modified_by, created_at, modified_at) values ('eoghks', 'Proin at turpis a pede posuere nonummy.', 'Sed sagittis. Nam congue, risus semper porta volutpat, quam pede lobortis ligula, sit amet eleifend pede libero quis orci. Nullam molestie nibh in lectus.', 'Aquamarine', 'Brit', 'Stesha', '2021-01-31 15:45:11', '2021-10-21 05:52:07');
insert into article (user_account_id, title, content, hashtag, created_by, modified_by, created_at, modified_at) values ('eoghks', 'Morbi a ipsum.', 'Aenean lectus. Pellentesque eget nunc. Donec quis orci eget orci vehicula condimentum.', 'Puce', 'Tyler', 'Fredek', '2021-08-03 01:02:25', '2021-06-20 00:17:33');
insert into article (user_account_id, title, content, hashtag, created_by, modified_by, created_at, modified_at) values ('eoghks', 'Integer aliquet, massa id lobortis convallis, tortor risus dapibus augue, vel accumsan tellus nisi eu orci.', 'Maecenas tristique, est et tempus semper, est quam pharetra magna, ac consequat metus sapien ut nunc. Vestibulum ante ipsum primis in faucibus orci luctus et ultrices posuere cubilia Curae; Mauris viverra diam vitae quam. Suspendisse potenti.', 'Maroon', 'Annabella', 'Rebekah', '2021-12-26 04:05:15', '2021-12-23 04:53:39');
insert into article (user_account_id, title, content, hashtag, created_by, modified_by, created_at, modified_at) values ('eoghks', 'Morbi porttitor lorem id ligula.', 'Sed sagittis. Nam congue, risus semper porta volutpat, quam pede lobortis ligula, sit amet eleifend pede libero quis orci. Nullam molestie nibh in lectus.', 'Yellow', 'Antoni', 'Teodor', '2021-12-05 04:48:01', '2021-04-15 02:24:11');
insert into article (user_account_id, title, content, hashtag, created_by, modified_by, created_at, modified_at) values ('eoghks', 'Nulla facilisi.', 'In sagittis dui vel nisl. Duis ac nibh. Fusce lacus purus, aliquet at, feugiat non, pretium quis, lectus.', 'Goldenrod', 'Rodd', 'Rollins', '2021-05-30 11:48:41', '2021-06-08 09:56:51');
insert into article (user_account_id, title, content, hashtag, created_by, modified_by, created_at, modified_at) values ('eoghks', 'Mauris enim leo, rhoncus sed, vestibulum sit amet, cursus id, turpis.', 'Suspendisse potenti. In eleifend quam a odio. In hac habitasse platea dictumst.', null, 'Bartram', 'Arly', '2021-04-29 13:20:09', '2021-09-02 02:30:29');
insert into article (user_account_id, title, content, hashtag, created_by, modified_by, created_at, modified_at) values ('eoghks', 'Nulla justo.', 'In quis justo. Maecenas rhoncus aliquam lacus. Morbi quis tortor id nulla ultrices aliquet.', 'Violet', 'Krissy', 'Quillan', '2021-04-17 06:10:48', '2021-08-11 12:31:43');
insert into article (user_account_id, title, content, hashtag, created_by, modified_by, created_at, modified_at) values ('eoghks', 'Cras in purus eu magna vulputate luctus.', 'Suspendisse potenti. In eleifend quam a odio. In hac habitasse platea dictumst.', 'Red', 'Suellen', 'Carroll', '2021-10-10 10:26:15', '2021-07-02 15:44:22');
insert into article (user_account_id, title, content, hashtag, created_by, modified_by, created_at, modified_at) values ('eoghks', 'Duis aliquam convallis nunc.', 'Vestibulum ac est lacinia nisi venenatis tristique. Fusce congue, diam id ornare imperdiet, sapien urna pretium nisl, ut volutpat sapien arcu sed augue. Aliquam erat volutpat.', 'Purple', 'Teodora', 'Brook', '2021-02-04 21:36:00', '2022-01-18 02:12:03');
insert into article (user_account_id, title, content, hashtag, created_by, modified_by, created_at, modified_at) values ('eoghks', 'Nam dui.', 'Mauris enim leo, rhoncus sed, vestibulum sit amet, cursus id, turpis. Integer aliquet, massa id lobortis convallis, tortor risus dapibus augue, vel accumsan tellus nisi eu orci. Mauris lacinia sapien quis libero.', 'Mauv', 'Jelene', 'Shell', '2021-10-03 23:44:30', '2021-05-28 19:19:31');
insert into article (user_account_id, title, content, hashtag, created_by, modified_by, created_at, modified_at) values ('eoghks', 'Maecenas ut massa quis augue luctus tincidunt.', 'In congue. Etiam justo. Etiam pretium iaculis justo.', 'Green', 'Carolan', 'Torin', '2021-12-29 15:08:25', '2021-02-27 22:11:16');
insert into article (user_account_id, title, content, hashtag, created_by, modified_by, created_at, modified_at) values ('eoghks', 'Suspendisse potenti.', 'Aenean lectus. Pellentesque eget nunc. Donec quis orci eget orci vehicula condimentum.', 'Blue', 'Town', 'Sophie', '2021-01-28 01:50:22', '2021-07-25 22:18:31');
insert into article (user_account_id, title, content, hashtag, created_by, modified_by, created_at, modified_at) values ('eoghks', 'Vestibulum ac est lacinia nisi venenatis tristique.', 'Sed sagittis. Nam congue, risus semper porta volutpat, quam pede lobortis ligula, sit amet eleifend pede libero quis orci. Nullam molestie nibh in lectus.', 'Mauv', 'Ammamaria', 'Ken', '2022-01-14 09:02:27', '2021-12-28 07:38:39');
insert into article (user_account_id, title, content, hashtag, created_by, modified_by, created_at, modified_at) values ('eoghks', 'Nulla tempus.', 'In hac habitasse platea dictumst. Etiam faucibus cursus urna. Ut tellus.', 'Crimson', 'Ty', 'Finlay', '2021-09-19 20:18:08', '2021-06-26 12:01:58');
insert into article (user_account_id, title, content, hashtag, created_by, modified_by, created_at, modified_at) values ('eoghks', 'Vestibulum ante ipsum primis in faucibus orci luctus et ultrices posuere cubilia Curae; Duis faucibus accumsan odio.', 'Morbi non lectus. Aliquam sit amet diam in magna bibendum imperdiet. Nullam orci pede, venenatis non, sodales sed, tincidunt eu, felis.', 'Purple', 'Othilia', 'Neel', '2021-04-17 11:03:30', '2021-03-20 12:30:59');
insert into article (user_account_id, title, content, hashtag, created_by, modified_by, created_at, modified_at) values ('eoghks', 'Suspendisse potenti.', 'Donec diam neque, vestibulum eget, vulputate ut, ultrices vel, augue. Vestibulum ante ipsum primis in faucibus orci luctus et ultrices posuere cubilia Curae; Donec pharetra, magna vestibulum aliquet ultrices, erat tortor sollicitudin mi, sit amet lobortis sapien sapien non mi. Integer ac neque.', 'Violet', 'Kiri', 'Tabbie', '2021-11-25 21:17:36', '2021-04-24 18:14:59');
insert into article (user_account_id, title, content, hashtag, created_by, modified_by, created_at, modified_at) values ('eoghks', 'In hac habitasse platea dictumst.', 'Proin eu mi. Nulla ac enim. In tempor, turpis nec euismod scelerisque, quam turpis adipiscing lorem, vitae mattis nibh ligula nec sem.', null, 'Daven', 'Barnebas', '2021-11-11 23:54:17', '2021-03-04 14:01:30');
insert into article (user_account_id, title, content, hashtag, created_by, modified_by, created_at, modified_at) values ('eoghks', 'Curabitur gravida nisi at nibh.', 'Etiam vel augue. Vestibulum rutrum rutrum neque. Aenean auctor gravida sem.', 'Pink', 'Ginger', 'Caria', '2021-03-30 18:30:46', '2021-10-07 09:33:15');
insert into article (user_account_id, title, content, hashtag, created_by, modified_by, created_at, modified_at) values ('eoghks', 'Nulla facilisi.', 'Aenean fermentum. Donec ut mauris eget massa tempor convallis. Nulla neque libero, convallis eget, eleifend luctus, ultricies eu, nibh.', 'Maroon', 'Janith', 'Dew', '2021-12-26 19:46:57', '2021-06-16 05:53:21');
insert into article (user_account_id, title, content, hashtag, created_by, modified_by, created_at, modified_at) values ('eoghks', 'Proin risus.', 'Cum sociis natoque penatibus et magnis dis parturient montes, nascetur ridiculus mus. Vivamus vestibulum sagittis sapien. Cum sociis natoque penatibus et magnis dis parturient montes, nascetur ridiculus mus.', 'Pink', 'Say', 'Antoine', '2021-06-24 13:38:26', '2021-08-08 15:41:56');
insert into article (user_account_id, title, content, hashtag, created_by, modified_by, created_at, modified_at) values ('eoghks', 'Proin leo odio, porttitor id, consequat in, consequat ut, nulla.', 'Sed ante. Vivamus tortor. Duis mattis egestas metus.', 'Khaki', 'Ximenez', 'May', '2021-06-15 07:02:43', '2021-05-19 14:54:01');
insert into article (user_account_id, title, content, hashtag, created_by, modified_by, created_at, modified_at) values ('eoghks', 'Quisque id justo sit amet sapien dignissim vestibulum.', 'Morbi non lectus. Aliquam sit amet diam in magna bibendum imperdiet. Nullam orci pede, venenatis non, sodales sed, tincidunt eu, felis.', 'Puce', 'Marthe', 'Codi', '2021-11-25 07:20:28', '2021-10-09 06:25:15');
insert into article (user_account_id, title, content, hashtag, created_by, modified_by, created_at, modified_at) values ('eoghks', 'Ut tellus.', 'Nam ultrices, libero non mattis pulvinar, nulla pede ullamcorper augue, a suscipit nulla elit ac nulla. Sed vel enim sit amet nunc viverra dapibus. Nulla suscipit ligula in lacus.', 'Teal', 'Lynda', 'Izak', '2021-05-23 13:11:57', '2021-08-06 21:31:21');
insert into article (user_account_id, title, content, hashtag, created_by, modified_by, created_at, modified_at) values ('eoghks', 'Duis aliquam convallis nunc.', 'Cum sociis natoque penatibus et magnis dis parturient montes, nascetur ridiculus mus. Vivamus vestibulum sagittis sapien. Cum sociis natoque penatibus et magnis dis parturient montes, nascetur ridiculus mus.', 'Orange', 'Rodolfo', 'Kissie', '2022-01-05 16:52:10', '2021-11-04 19:30:09');
insert into article (user_account_id, title, content, hashtag, created_by, modified_by, created_at, modified_at) values ('eoghks', 'Fusce lacus purus, aliquet at, feugiat non, pretium quis, lectus.', 'In hac habitasse platea dictumst. Etiam faucibus cursus urna. Ut tellus.', 'Purple', 'Carlen', 'Lowrance', '2021-07-12 17:00:52', '2021-07-17 20:52:31');
insert into article (user_account_id, title, content, hashtag, created_by, modified_by, created_at, modified_at) values ('eoghks', 'Nam tristique tortor eu pede.', 'Vestibulum ac est lacinia nisi venenatis tristique. Fusce congue, diam id ornare imperdiet, sapien urna pretium nisl, ut volutpat sapien arcu sed augue. Aliquam erat volutpat.', null, 'Olenka', 'Nadia', '2021-11-10 01:41:43', '2021-06-30 14:21:42');
insert into article (user_account_id, title, content, hashtag, created_by, modified_by, created_at, modified_at) values ('eoghks', 'Duis bibendum, felis sed interdum venenatis, turpis enim blandit mi, in porttitor pede justo eu massa.', 'Donec diam neque, vestibulum eget, vulputate ut, ultrices vel, augue. Vestibulum ante ipsum primis in faucibus orci luctus et ultrices posuere cubilia Curae; Donec pharetra, magna vestibulum aliquet ultrices, erat tortor sollicitudin mi, sit amet lobortis sapien sapien non mi. Integer ac neque.', null, 'Dukey', 'Buckie', '2021-09-15 03:27:40', '2021-09-12 00:11:15');
insert into article (user_account_id, title, content, hashtag, created_by, modified_by, created_at, modified_at) values ('eoghks', 'Pellentesque at nulla.', 'Aliquam quis turpis eget elit sodales scelerisque. Mauris sit amet eros. Suspendisse accumsan tortor quis turpis.', 'Fuscia', 'Renae', 'Meggie', '2021-04-20 00:19:31', '2021-06-17 01:01:36');
insert into article (user_account_id, title, content, hashtag, created_by, modified_by, created_at, modified_at) values ('eoghks', 'Phasellus id sapien in sapien iaculis congue.', 'Sed sagittis. Nam congue, risus semper porta volutpat, quam pede lobortis ligula, sit amet eleifend pede libero quis orci. Nullam molestie nibh in lectus.', 'Green', 'Ester', 'Fianna', '2021-04-07 11:08:40', '2021-06-26 08:28:39');
insert into article (user_account_id, title, content, hashtag, created_by, modified_by, created_at, modified_at) values ('eoghks', 'Aliquam sit amet diam in magna bibendum imperdiet.', 'Etiam vel augue. Vestibulum rutrum rutrum neque. Aenean auctor gravida sem.', null, 'Krispin', 'Guinevere', '2021-02-12 20:58:57', '2021-04-24 00:55:35');
insert into article (user_account_id, title, content, hashtag, created_by, modified_by, created_at, modified_at) values ('eoghks', 'Donec vitae nisi.', 'Quisque id justo sit amet sapien dignissim vestibulum. Vestibulum ante ipsum primis in faucibus orci luctus et ultrices posuere cubilia Curae; Nulla dapibus dolor vel est. Donec odio justo, sollicitudin ut, suscipit a, feugiat et, eros.', 'Green', 'Asa', 'Mordecai', '2021-02-21 17:49:59', '2021-10-09 00:59:31');
insert into article (user_account_id, title, content, hashtag, created_by, modified_by, created_at, modified_at) values ('eoghks', 'Pellentesque ultrices mattis odio.', 'Vestibulum ac est lacinia nisi venenatis tristique. Fusce congue, diam id ornare imperdiet, sapien urna pretium nisl, ut volutpat sapien arcu sed augue. Aliquam erat volutpat.', 'Turquoise', 'Lavinia', 'Lyndsey', '2021-05-20 20:51:54', '2021-07-08 12:49:23');
insert into article (user_account_id, title, content, hashtag, created_by, modified_by, created_at, modified_at) values ('eoghks', 'Quisque erat eros, viverra eget, congue eget, semper rutrum, nulla.', 'Nam ultrices, libero non mattis pulvinar, nulla pede ullamcorper augue, a suscipit nulla elit ac nulla. Sed vel enim sit amet nunc viverra dapibus. Nulla suscipit ligula in lacus.', 'Yellow', 'Zulema', 'Patten', '2021-04-26 08:25:05', '2021-12-27 22:00:07');
insert into article (user_account_id, title, content, hashtag, created_by, modified_by, created_at, modified_at) values ('eoghks', 'Curabitur at ipsum ac tellus semper interdum.', 'Curabitur in libero ut massa volutpat convallis. Morbi odio odio, elementum eu, interdum eu, tincidunt in, leo. Maecenas pulvinar lobortis est.', null, 'Melba', 'Petronilla', '2021-09-15 21:20:56', '2021-03-13 14:15:14');
insert into article (user_account_id, title, content, hashtag, created_by, modified_by, created_at, modified_at) values ('eoghks', 'Lorem ipsum dolor sit amet, consectetuer adipiscing elit.', 'Integer tincidunt ante vel ipsum. Praesent blandit lacinia erat. Vestibulum sed magna at nunc commodo placerat.', 'Mauv', 'Dominick', 'Daile', '2021-10-24 22:52:35', '2021-02-21 14:08:28');
insert into article (user_account_id, title, content, hashtag, created_by, modified_by, created_at, modified_at) values ('eoghks', 'Ut at dolor quis odio consequat varius.', 'Etiam vel augue. Vestibulum rutrum rutrum neque. Aenean auctor gravida sem.', 'Violet', 'Pru', 'Cristy', '2021-11-12 02:16:19', '2021-12-13 20:04:35');
insert into article (user_account_id, title, content, hashtag, created_by, modified_by, created_at, modified_at) values ('eoghks', 'Morbi vel lectus in quam fringilla rhoncus.', 'Nullam porttitor lacus at turpis. Donec posuere metus vitae ipsum. Aliquam non mauris.', 'Green', 'Reeva', 'Kit', '2021-07-09 18:27:46', '2021-05-20 13:26:52');
insert into article (user_account_id, title, content, hashtag, created_by, modified_by, created_at, modified_at) values ('eoghks', 'Duis at velit eu est congue elementum.', 'Duis consequat dui nec nisi volutpat eleifend. Donec ut dolor. Morbi vel lectus in quam fringilla rhoncus.', 'Blue', 'Ingram', 'Sophronia', '2021-11-04 20:08:07', '2021-07-17 00:34:39');
insert into article (user_account_id, title, content, hashtag, created_by, modified_by, created_at, modified_at) values ('eoghks', 'Duis consequat dui nec nisi volutpat eleifend.', 'Aliquam quis turpis eget elit sodales scelerisque. Mauris sit amet eros. Suspendisse accumsan tortor quis turpis.', 'Maroon', 'Cordie', 'Antonie', '2021-05-02 19:07:32', '2021-12-13 15:41:22');
insert into article (user_account_id, title, content, hashtag, created_by, modified_by, created_at, modified_at) values ('eoghks', 'Nulla nisl.', 'Praesent blandit. Nam nulla. Integer pede justo, lacinia eget, tincidunt eget, tempus vel, pede.', 'Fuscia', 'Curry', 'Drusy', '2021-09-20 20:35:38', '2021-12-13 00:14:02');
insert into article (user_account_id, title, content, hashtag, created_by, modified_by, created_at, modified_at) values ('eoghks', 'Duis bibendum.', 'Pellentesque at nulla. Suspendisse potenti. Cras in purus eu magna vulputate luctus.', 'Yellow', 'Hurlee', 'Sonnnie', '2021-04-29 08:32:06', '2021-03-30 21:59:42');
insert into article (user_account_id, title, content, hashtag, created_by, modified_by, created_at, modified_at) values ('eoghks', 'Proin at turpis a pede posuere nonummy.', 'Vestibulum quam sapien, varius ut, blandit non, interdum in, ante. Vestibulum ante ipsum primis in faucibus orci luctus et ultrices posuere cubilia Curae; Duis faucibus accumsan odio. Curabitur convallis.', null, 'Ruy', 'Corrinne', '2021-04-28 20:07:21', '2022-01-16 22:58:26');
insert into article (user_account_id, title, content, hashtag, created_by, modified_by, created_at, modified_at) values ('eoghks', 'Donec posuere metus vitae ipsum.', 'Curabitur at ipsum ac tellus semper interdum. Mauris ullamcorper purus sit amet nulla. Quisque arcu libero, rutrum ac, lobortis vel, dapibus at, diam.', 'Yellow', 'Leilah', 'Allianora', '2021-08-20 06:50:17', '2021-02-21 19:22:22');
insert into article (user_account_id, title, content, hashtag, created_by, modified_by, created_at, modified_at) values ('eoghks', 'Quisque id justo sit amet sapien dignissim vestibulum.', 'Fusce posuere felis sed lacus. Morbi sem mauris, laoreet ut, rhoncus aliquet, pulvinar sed, nisl. Nunc rhoncus dui vel sem.', 'Indigo', 'Winny', 'Sybil', '2022-01-01 00:39:01', '2021-04-01 05:43:06');
insert into article (user_account_id, title, content, hashtag, created_by, modified_by, created_at, modified_at) values ('eoghks', 'Etiam vel augue.', 'Sed ante. Vivamus tortor. Duis mattis egestas metus.', 'Green', 'Barris', 'Ab', '2021-07-25 08:13:27', '2021-11-28 06:53:12');
insert into article (user_account_id, title, content, hashtag, created_by, modified_by, created_at, modified_at) values ('eoghks', 'Nulla suscipit ligula in lacus.', 'Fusce consequat. Nulla nisl. Nunc nisl.', null, 'Emogene', 'Dorette', '2021-12-26 20:18:45', '2021-12-04 22:21:07');
insert into article (user_account_id, title, content, hashtag, created_by, modified_by, created_at, modified_at) values ('eoghks', 'Proin at turpis a pede posuere nonummy.', 'Proin leo odio, porttitor id, consequat in, consequat ut, nulla. Sed accumsan felis. Ut at dolor quis odio consequat varius.', 'Yellow', 'Far', 'Hobey', '2021-11-21 11:18:30', '2021-03-19 22:45:27');
insert into article (user_account_id, title, content, hashtag, created_by, modified_by, created_at, modified_at) values ('eoghks', 'Morbi odio odio, elementum eu, interdum eu, tincidunt in, leo.', 'Pellentesque at nulla. Suspendisse potenti. Cras in purus eu magna vulputate luctus.', null, 'Jacklyn', 'Sabine', '2021-04-03 22:38:51', '2021-08-07 22:02:32');
insert into article (user_account_id, title, content, hashtag, created_by, modified_by, created_at, modified_at) values ('eoghks', 'Nam dui.', 'Phasellus sit amet erat. Nulla tempus. Vivamus in felis eu sapien cursus vestibulum.', 'Fuscia', 'Millicent', 'Cornie', '2021-03-24 00:55:16', '2021-11-17 20:18:19');
insert into article (user_account_id, title, content, hashtag, created_by, modified_by, created_at, modified_at) values ('eoghks', 'In quis justo.', 'In quis justo. Maecenas rhoncus aliquam lacus. Morbi quis tortor id nulla ultrices aliquet.', 'Violet', 'Lavinia', 'Daffy', '2021-10-28 14:44:07', '2021-04-15 15:49:14');
insert into article (user_account_id, title, content, hashtag, created_by, modified_by, created_at, modified_at) values ('eoghks', 'Nunc nisl.', 'Duis consequat dui nec nisi volutpat eleifend. Donec ut dolor. Morbi vel lectus in quam fringilla rhoncus.', 'Red', 'Glennie', 'Giana', '2021-04-25 08:58:33', '2021-08-23 02:21:28');
insert into article (user_account_id, title, content, hashtag, created_by, modified_by, created_at, modified_at) values ('eoghks', 'Praesent lectus.', 'Cras non velit nec nisi vulputate nonummy. Maecenas tincidunt lacus at velit. Vivamus vel nulla eget eros elementum pellentesque.', 'Fuscia', 'Urban', 'Bonny', '2021-02-21 12:47:08', '2021-12-21 18:26:53');
insert into article (user_account_id, title, content, hashtag, created_by, modified_by, created_at, modified_at) values ('eoghks', 'Aliquam erat volutpat.', 'Proin interdum mauris non ligula pellentesque ultrices. Phasellus id sapien in sapien iaculis congue. Vivamus metus arcu, adipiscing molestie, hendrerit at, vulputate vitae, nisl.', 'Purple', 'Wright', 'Olimpia', '2021-07-17 06:57:46', '2022-01-27 02:58:33');
insert into article (user_account_id, title, content, hashtag, created_by, modified_by, created_at, modified_at) values ('eoghks', 'Donec ut dolor.', 'In congue. Etiam justo. Etiam pretium iaculis justo.', null, 'Viole', 'Demetrius', '2022-01-02 13:48:56', '2021-09-01 10:30:14');
insert into article (user_account_id, title, content, hashtag, created_by, modified_by, created_at, modified_at) values ('eoghks', 'Nunc rhoncus dui vel sem.', 'Nulla ut erat id mauris vulputate elementum. Nullam varius. Nulla facilisi.', 'Blue', 'Quentin', 'Kathryn', '2021-02-18 03:52:47', '2021-04-23 16:55:34');
insert into article (user_account_id, title, content, hashtag, created_by, modified_by, created_at, modified_at) values ('eoghks', 'Quisque porta volutpat erat.', 'In hac habitasse platea dictumst. Etiam faucibus cursus urna. Ut tellus.', null, 'Brian', 'Sarena', '2021-05-30 00:40:07', '2021-08-20 21:35:36');
insert into article (user_account_id, title, content, hashtag, created_by, modified_by, created_at, modified_at) values ('eoghks', 'Nulla mollis molestie lorem.', 'Fusce consequat. Nulla nisl. Nunc nisl.', null, 'Laurie', 'Silvie', '2021-06-16 08:43:23', '2021-08-24 20:26:32');
insert into article (user_account_id, title, content, hashtag, created_by, modified_by, created_at, modified_at) values ('eoghks', 'Duis ac nibh.', 'Duis aliquam convallis nunc. Proin at turpis a pede posuere nonummy. Integer non velit.', 'Green', 'Ignatius', 'Mara', '2021-10-23 18:10:31', '2021-03-12 01:43:55');
insert into article (user_account_id, title, content, hashtag, created_by, modified_by, created_at, modified_at) values ('eoghks', 'Nulla suscipit ligula in lacus.', 'In hac habitasse platea dictumst. Etiam faucibus cursus urna. Ut tellus.', null, 'Norman', 'Blayne', '2021-03-24 05:37:47', '2021-09-15 05:10:20');
insert into article (user_account_id, title, content, hashtag, created_by, modified_by, created_at, modified_at) values ('eoghks', 'Suspendisse ornare consequat lectus.', 'In hac habitasse platea dictumst. Morbi vestibulum, velit id pretium iaculis, diam erat fermentum justo, nec condimentum neque sapien placerat ante. Nulla justo.', 'Teal', 'Candra', 'Ky', '2021-04-23 11:29:02', '2021-05-10 17:15:05');
insert into article (user_account_id, title, content, hashtag, created_by, modified_by, created_at, modified_at) values ('eoghks', 'Nunc rhoncus dui vel sem.', 'Praesent blandit. Nam nulla. Integer pede justo, lacinia eget, tincidunt eget, tempus vel, pede.', 'Turquoise', 'Gilburt', 'Marianne', '2021-08-11 21:43:42', '2021-11-21 04:56:25');
insert into article (user_account_id, title, content, hashtag, created_by, modified_by, created_at, modified_at) values ('eoghks', 'Curabitur gravida nisi at nibh.', 'Duis bibendum. Morbi non quam nec dui luctus rutrum. Nulla tellus.', 'Violet', 'Jamesy', 'Orella', '2022-01-09 19:44:55', '2021-12-29 00:58:53');
insert into article (user_account_id, title, content, hashtag, created_by, modified_by, created_at, modified_at) values ('eoghks', 'Etiam justo.', 'Integer tincidunt ante vel ipsum. Praesent blandit lacinia erat. Vestibulum sed magna at nunc commodo placerat.', 'Violet', 'Pebrook', 'Fitzgerald', '2021-12-31 23:20:18', '2022-01-20 20:18:44');
insert into article (user_account_id, title, content, hashtag, created_by, modified_by, created_at, modified_at) values ('eoghks', 'Integer a nibh.', 'Nullam porttitor lacus at turpis. Donec posuere metus vitae ipsum. Aliquam non mauris.', null, 'Coriss', 'Lanny', '2021-02-21 15:25:36', '2021-06-14 23:03:14');
insert into article (user_account_id, title, content, hashtag, created_by, modified_by, created_at, modified_at) values ('eoghks', 'Mauris lacinia sapien quis libero.', 'Maecenas tristique, est et tempus semper, est quam pharetra magna, ac consequat metus sapien ut nunc. Vestibulum ante ipsum primis in faucibus orci luctus et ultrices posuere cubilia Curae; Mauris viverra diam vitae quam. Suspendisse potenti.', null, 'Farris', 'Genevra', '2021-05-13 10:54:26', '2021-07-05 10:43:23');
insert into article (user_account_id, title, content, hashtag, created_by, modified_by, created_at, modified_at) values ('eoghks', 'Pellentesque eget nunc.', 'Proin eu mi. Nulla ac enim. In tempor, turpis nec euismod scelerisque, quam turpis adipiscing lorem, vitae mattis nibh ligula nec sem.', 'Crimson', 'Gregoor', 'Ted', '2021-07-14 13:44:09', '2021-05-06 06:27:18');
insert into article (user_account_id, title, content, hashtag, created_by, modified_by, created_at, modified_at) values ('eoghks', 'Fusce lacus purus, aliquet at, feugiat non, pretium quis, lectus.', 'Duis bibendum. Morbi non quam nec dui luctus rutrum. Nulla tellus.', null, 'Arte', 'Lilllie', '2021-12-01 16:46:25', '2021-03-13 06:32:08');
insert into article (user_account_id, title, content, hashtag, created_by, modified_by, created_at, modified_at) values ('eoghks', 'Praesent blandit.', 'Nulla ut erat id mauris vulputate elementum. Nullam varius. Nulla facilisi.', 'Khaki', 'Davin', 'Luci', '2021-10-17 03:46:12', '2022-01-18 21:51:12');
insert into article (user_account_id, title, content, hashtag, created_by, modified_by, created_at, modified_at) values ('eoghks', 'Mauris sit amet eros.', 'Vestibulum ac est lacinia nisi venenatis tristique. Fusce congue, diam id ornare imperdiet, sapien urna pretium nisl, ut volutpat sapien arcu sed augue. Aliquam erat volutpat.', 'Crimson', 'Ivonne', 'Edita', '2021-12-04 04:47:33', '2021-04-12 05:18:31');
insert into article (user_account_id, title, content, hashtag, created_by, modified_by, created_at, modified_at) values ('eoghks', 'Pellentesque viverra pede ac diam.', 'Aliquam quis turpis eget elit sodales scelerisque. Mauris sit amet eros. Suspendisse accumsan tortor quis turpis.', 'Green', 'Sena', 'Karlee', '2022-01-20 11:16:53', '2022-01-22 12:36:39');
insert into article (user_account_id, title, content, hashtag, created_by, modified_by, created_at, modified_at) values ('eoghks', 'In tempor, turpis nec euismod scelerisque, quam turpis adipiscing lorem, vitae mattis nibh ligula nec sem.', 'Proin interdum mauris non ligula pellentesque ultrices. Phasellus id sapien in sapien iaculis congue. Vivamus metus arcu, adipiscing molestie, hendrerit at, vulputate vitae, nisl.', 'Indigo', 'Dennison', 'Shell', '2021-12-19 06:41:51', '2021-08-01 13:05:35');
insert into article (user_account_id, title, content, hashtag, created_by, modified_by, created_at, modified_at) values ('eoghks', 'Fusce congue, diam id ornare imperdiet, sapien urna pretium nisl, ut volutpat sapien arcu sed augue.', 'Duis bibendum, felis sed interdum venenatis, turpis enim blandit mi, in porttitor pede justo eu massa. Donec dapibus. Duis at velit eu est congue elementum.', 'Maroon', 'Leslie', 'Kelly', '2021-05-15 00:07:28', '2021-10-30 05:41:11');
insert into article (user_account_id, title, content, hashtag, created_by, modified_by, created_at, modified_at) values ('eoghks', 'Nulla mollis molestie lorem.', 'Phasellus sit amet erat. Nulla tempus. Vivamus in felis eu sapien cursus vestibulum.', 'Indigo', 'Hollie', 'Deck', '2021-07-28 13:41:26', '2021-04-27 01:16:59');
insert into article (user_account_id, title, content, hashtag, created_by, modified_by, created_at, modified_at) values ('eoghks', 'Maecenas rhoncus aliquam lacus.', 'In congue. Etiam justo. Etiam pretium iaculis justo.', 'Indigo', 'Lenette', 'Alma', '2021-10-23 01:27:34', '2021-05-19 14:23:20');
insert into article (user_account_id, title, content, hashtag, created_by, modified_by, created_at, modified_at) values ('eoghks', 'Lorem ipsum dolor sit amet, consectetuer adipiscing elit.', 'Fusce posuere felis sed lacus. Morbi sem mauris, laoreet ut, rhoncus aliquet, pulvinar sed, nisl. Nunc rhoncus dui vel sem.', 'Pink', 'Livia', 'Darin', '2021-09-08 00:46:16', '2021-10-23 09:10:35');
insert into article (user_account_id, title, content, hashtag, created_by, modified_by, created_at, modified_at) values ('eoghks', 'Duis bibendum.', 'Nam ultrices, libero non mattis pulvinar, nulla pede ullamcorper augue, a suscipit nulla elit ac nulla. Sed vel enim sit amet nunc viverra dapibus. Nulla suscipit ligula in lacus.', 'Orange', 'Ignazio', 'Isabel', '2021-09-01 14:20:38', '2021-05-07 18:36:18');
insert into article (user_account_id, title, content, hashtag, created_by, modified_by, created_at, modified_at) values ('eoghks', 'Donec dapibus.', 'Sed sagittis. Nam congue, risus semper porta volutpat, quam pede lobortis ligula, sit amet eleifend pede libero quis orci. Nullam molestie nibh in lectus.', 'Crimson', 'Neil', 'Ramona', '2021-03-29 02:02:01', '2021-04-30 17:32:47');
insert into article (user_account_id, title, content, hashtag, created_by, modified_by, created_at, modified_at) values ('eoghks', 'Donec semper sapien a libero.', 'Maecenas tristique, est et tempus semper, est quam pharetra magna, ac consequat metus sapien ut nunc. Vestibulum ante ipsum primis in faucibus orci luctus et ultrices posuere cubilia Curae; Mauris viverra diam vitae quam. Suspendisse potenti.', null, 'Colver', 'Armando', '2021-10-15 19:34:17', '2021-06-06 00:36:29');
insert into article (user_account_id, title, content, hashtag, created_by, modified_by, created_at, modified_at) values ('eoghks', 'Nulla tempus.', 'In sagittis dui vel nisl. Duis ac nibh. Fusce lacus purus, aliquet at, feugiat non, pretium quis, lectus.', 'Fuscia', 'Sindee', 'Gale', '2021-02-02 14:46:57', '2021-06-26 07:21:10');
insert into article (user_account_id, title, content, hashtag, created_by, modified_by, created_at, modified_at) values ('eoghks', 'Vestibulum sed magna at nunc commodo placerat.', 'Nullam porttitor lacus at turpis. Donec posuere metus vitae ipsum. Aliquam non mauris.', 'Aquamarine', 'Fidelity', 'Merla', '2021-11-16 08:09:50', '2021-07-16 17:21:59');
insert into article (user_account_id, title, content, hashtag, created_by, modified_by, created_at, modified_at) values ('eoghks', 'Nunc purus.', 'In hac habitasse platea dictumst. Etiam faucibus cursus urna. Ut tellus.', 'Green', 'Maegan', 'Myrah', '2022-01-16 22:32:12', '2021-06-01 14:21:07');
insert into article (user_account_id, title, content, hashtag, created_by, modified_by, created_at, modified_at) values ('eoghks', 'Vestibulum ac est lacinia nisi venenatis tristique.', 'Sed sagittis. Nam congue, risus semper porta volutpat, quam pede lobortis ligula, sit amet eleifend pede libero quis orci. Nullam molestie nibh in lectus.', 'Violet', 'Maighdiln', 'Carmine', '2021-08-28 19:07:44', '2021-12-06 12:22:18');


-- 274 댓글
insert into article_comment (article_id, user_account_id, content, created_at, modified_at, created_by, modified_by) values (1, 'eoghks2', 'Morbi non lectus. Aliquam sit amet diam in magna bibendum imperdiet. Nullam orci pede, venenatis non, sodales sed, tincidunt eu, felis.', '2021-09-04 02:16:08', '2021-07-16 13:44:57', 'Bel', 'Barrett');
insert into article_comment (article_id, user_account_id, content, created_at, modified_at, created_by, modified_by) values (2, 'eoghks2', 'In sagittis dui vel nisl. Duis ac nibh. Fusce lacus purus, aliquet at, feugiat non, pretium quis, lectus.', '2021-07-27 13:08:58', '2021-11-18 17:15:16', 'Ashbey', 'Liana');
insert into article_comment (article_id, user_account_id, content, created_at, modified_at, created_by, modified_by) values (3, 'eoghks2', 'Maecenas tristique, est et tempus semper, est quam pharetra magna, ac consequat metus sapien ut nunc. Vestibulum ante ipsum primis in faucibus orci luctus et ultrices posuere cubilia Curae; Mauris viverra diam vitae quam. Suspendisse potenti.', '2021-03-24 02:42:38', '2021-07-26 14:27:17', 'Torry', 'Millisent');
insert into article_comment (article_id, user_account_id, content, created_at, modified_at, created_by, modified_by) values (4, 'eoghks2', 'Phasellus sit amet erat. Nulla tempus. Vivamus in felis eu sapien cursus vestibulum.', '2021-02-17 12:25:04', '2021-02-13 05:17:33', 'Chaunce', 'Windham');
insert into article_comment (article_id, user_account_id, content, created_at, modified_at, created_by, modified_by) values (5, 'eoghks2', 'Nulla ut erat id mauris vulputate elementum. Nullam varius. Nulla facilisi.', '2021-12-16 02:09:10', '2021-03-20 04:13:40', 'Johannah', 'Anastassia');
insert into article_comment (article_id, user_account_id, content, created_at, modified_at, created_by, modified_by) values (6, 'eoghks2', 'Duis bibendum. Morbi non quam nec dui luctus rutrum. Nulla tellus.', '2021-03-31 18:07:29', '2021-08-16 08:53:12', 'Gaven', 'Ciel');
insert into article_comment (article_id, user_account_id, content, created_at, modified_at, created_by, modified_by) values (7, 'eoghks2', 'Aenean fermentum. Donec ut mauris eget massa tempor convallis. Nulla neque libero, convallis eget, eleifend luctus, ultricies eu, nibh.', '2021-08-05 16:08:49', '2021-10-22 17:09:24', 'Sylvan', 'Bryan');
insert into article_comment (article_id, user_account_id, content, created_at, modified_at, created_by, modified_by) values (8, 'eoghks2', 'In sagittis dui vel nisl. Duis ac nibh. Fusce lacus purus, aliquet at, feugiat non, pretium quis, lectus.', '2021-05-19 02:31:22', '2021-11-25 16:03:53', 'Meyer', 'Timi');
insert into article_comment (article_id, user_account_id, content, created_at, modified_at, created_by, modified_by) values (9, 'eoghks2', 'Integer tincidunt ante vel ipsum. Praesent blandit lacinia erat. Vestibulum sed magna at nunc commodo placerat.', '2021-06-19 16:04:14', '2021-09-30 05:36:18', 'Casey', 'Carine');
insert into article_comment (article_id, user_account_id, content, created_at, modified_at, created_by, modified_by) values (10, 'eoghks', 'Praesent blandit. Nam nulla. Integer pede justo, lacinia eget, tincidunt eget, tempus vel, pede.', '2021-12-02 22:49:51', '2021-12-16 13:34:06', 'Gibbie', 'Alasdair');
insert into article_comment (article_id, user_account_id, content, created_at, modified_at, created_by, modified_by) values (11, 'eoghks', 'Integer ac leo. Pellentesque ultrices mattis odio. Donec vitae nisi.', '2021-05-08 00:28:22', '2021-01-28 01:51:29', 'Ricca', 'Althea');
insert into article_comment (article_id, user_account_id, content, created_at, modified_at, created_by, modified_by) values (12, 'eoghks', 'Duis bibendum. Morbi non quam nec dui luctus rutrum. Nulla tellus.', '2021-12-26 23:31:37', '2021-09-26 05:27:48', 'Nadia', 'Emyle');
insert into article_comment (article_id, user_account_id, content, created_at, modified_at, created_by, modified_by) values (13, 'eoghks', 'Aenean fermentum. Donec ut mauris eget massa tempor convallis. Nulla neque libero, convallis eget, eleifend luctus, ultricies eu, nibh.', '2021-11-12 13:54:59', '2022-01-03 19:11:28', 'Vania', 'Filmer');
insert into article_comment (article_id, user_account_id, content, created_at, modified_at, created_by, modified_by) values (14, 'eoghks', 'Proin interdum mauris non ligula pellentesque ultrices. Phasellus id sapien in sapien iaculis congue. Vivamus metus arcu, adipiscing molestie, hendrerit at, vulputate vitae, nisl.', '2021-12-09 03:35:11', '2021-06-22 20:35:16', 'Deeanne', 'Emyle');
insert into article_comment (article_id, user_account_id, content, created_at, modified_at, created_by, modified_by) values (15, 'eoghks', 'In congue. Etiam justo. Etiam pretium iaculis justo.', '2022-01-14 18:55:37', '2022-01-16 16:10:07', 'Nerti', 'Andree');
insert into article_comment (article_id, user_account_id, content, created_at, modified_at, created_by, modified_by) values (16, 'eoghks', 'Morbi porttitor lorem id ligula. Suspendisse ornare consequat lectus. In est risus, auctor sed, tristique in, tempus sit amet, sem.', '2021-08-24 10:35:12', '2021-09-13 03:33:58', 'Gale', 'Lorita');
insert into article_comment (article_id, user_account_id, content, created_at, modified_at, created_by, modified_by) values (17, 'eoghks', 'Nullam porttitor lacus at turpis. Donec posuere metus vitae ipsum. Aliquam non mauris.', '2021-02-25 22:09:18', '2021-12-07 12:01:11', 'Codi', 'Thaxter');
insert into article_comment (article_id, user_account_id, content, created_at, modified_at, created_by, modified_by) values (18, 'eoghks', 'Cras mi pede, malesuada in, imperdiet et, commodo vulputate, justo. In blandit ultrices enim. Lorem ipsum dolor sit amet, consectetuer adipiscing elit.', '2021-12-21 13:33:11', '2021-05-05 09:16:02', 'Gwyneth', 'Yevette');
insert into article_comment (article_id, user_account_id, content, created_at, modified_at, created_by, modified_by) values (19, 'eoghks', 'Praesent blandit. Nam nulla. Integer pede justo, lacinia eget, tincidunt eget, tempus vel, pede.', '2021-06-19 14:41:01', '2021-10-16 13:15:38', 'Cornie', 'Maridel');
insert into article_comment (article_id, user_account_id, content, created_at, modified_at, created_by, modified_by) values (20, 'eoghks', 'Maecenas leo odio, condimentum id, luctus nec, molestie sed, justo. Pellentesque viverra pede ac diam. Cras pellentesque volutpat dui.', '2021-09-21 10:49:22', '2021-10-10 06:49:09', 'Kellsie', 'Malchy');
insert into article_comment (article_id, user_account_id, content, created_at, modified_at, created_by, modified_by) values (21, 'eoghks', 'Quisque id justo sit amet sapien dignissim vestibulum. Vestibulum ante ipsum primis in faucibus orci luctus et ultrices posuere cubilia Curae; Nulla dapibus dolor vel est. Donec odio justo, sollicitudin ut, suscipit a, feugiat et, eros.', '2022-01-21 14:33:43', '2021-10-31 14:53:51', 'Shannon', 'Nonnah');
insert into article_comment (article_id, user_account_id, content, created_at, modified_at, created_by, modified_by) values (22, 'eoghks', 'Duis aliquam convallis nunc. Proin at turpis a pede posuere nonummy. Integer non velit.', '2021-04-08 09:04:51', '2021-02-06 16:54:04', 'Eartha', 'Daniella');
insert into article_comment (article_id, user_account_id, content, created_at, modified_at, created_by, modified_by) values (23, 'eoghks', 'Aliquam quis turpis eget elit sodales scelerisque. Mauris sit amet eros. Suspendisse accumsan tortor quis turpis.', '2021-05-04 14:55:00', '2021-04-03 04:43:29', 'Tadeas', 'Homere');
insert into article_comment (article_id, user_account_id, content, created_at, modified_at, created_by, modified_by) values (24, 'eoghks', 'Lorem ipsum dolor sit amet, consectetuer adipiscing elit. Proin risus. Praesent lectus.', '2021-06-15 06:08:04', '2021-05-22 17:22:33', 'Karol', 'Ferdy');
insert into article_comment (article_id, user_account_id, content, created_at, modified_at, created_by, modified_by) values (25, 'eoghks', 'Phasellus sit amet erat. Nulla tempus. Vivamus in felis eu sapien cursus vestibulum.', '2021-06-11 05:08:35', '2022-01-21 19:19:36', 'Osbourne', 'Lamar');
insert into article_comment (article_id, user_account_id, content, created_at, modified_at, created_by, modified_by) values (26, 'eoghks', 'Praesent blandit. Nam nulla. Integer pede justo, lacinia eget, tincidunt eget, tempus vel, pede.', '2021-02-01 09:52:41', '2021-02-02 11:23:55', 'Adrian', 'Joice');
insert into article_comment (article_id, user_account_id, content, created_at, modified_at, created_by, modified_by) values (27, 'eoghks', 'Integer ac leo. Pellentesque ultrices mattis odio. Donec vitae nisi.', '2021-11-23 00:28:21', '2021-11-03 13:41:19', 'Helene', 'Cullen');
insert into article_comment (article_id, user_account_id, content, created_at, modified_at, created_by, modified_by) values (28, 'eoghks', 'Donec diam neque, vestibulum eget, vulputate ut, ultrices vel, augue. Vestibulum ante ipsum primis in faucibus orci luctus et ultrices posuere cubilia Curae; Donec pharetra, magna vestibulum aliquet ultrices, erat tortor sollicitudin mi, sit amet lobortis sapien sapien non mi. Integer ac neque.', '2021-12-31 02:34:06', '2021-09-06 04:57:56', 'Dredi', 'Mersey');
insert into article_comment (article_id, user_account_id, content, created_at, modified_at, created_by, modified_by) values (29, 'eoghks', 'Morbi non lectus. Aliquam sit amet diam in magna bibendum imperdiet. Nullam orci pede, venenatis non, sodales sed, tincidunt eu, felis.', '2021-11-30 16:59:47', '2021-12-16 07:51:10', 'Ariana', 'Lynn');
insert into article_comment (article_id, user_account_id, content, created_at, modified_at, created_by, modified_by) values (30, 'eoghks', 'Maecenas ut massa quis augue luctus tincidunt. Nulla mollis molestie lorem. Quisque ut erat.', '2021-12-08 23:40:27', '2021-10-22 08:22:12', 'Jerrie', 'Kelcey');
insert into article_comment (article_id, user_account_id, content, created_at, modified_at, created_by, modified_by) values (31, 'eoghks', 'In hac habitasse platea dictumst. Morbi vestibulum, velit id pretium iaculis, diam erat fermentum justo, nec condimentum neque sapien placerat ante. Nulla justo.', '2021-10-04 05:19:50', '2021-10-11 21:47:10', 'Sidney', 'Winonah');
insert into article_comment (article_id, user_account_id, content, created_at, modified_at, created_by, modified_by) values (32, 'eoghks', 'Duis aliquam convallis nunc. Proin at turpis a pede posuere nonummy. Integer non velit.', '2021-09-18 19:06:23', '2021-07-08 00:50:17', 'Launce', 'Amby');
insert into article_comment (article_id, user_account_id, content, created_at, modified_at, created_by, modified_by) values (33, 'eoghks', 'Fusce posuere felis sed lacus. Morbi sem mauris, laoreet ut, rhoncus aliquet, pulvinar sed, nisl. Nunc rhoncus dui vel sem.', '2022-01-10 09:12:53', '2021-10-31 15:08:03', 'Donny', 'Lucilia');
insert into article_comment (article_id, user_account_id, content, created_at, modified_at, created_by, modified_by) values (34, 'eoghks', 'Pellentesque at nulla. Suspendisse potenti. Cras in purus eu magna vulputate luctus.', '2021-08-13 13:51:08', '2021-07-13 10:09:51', 'Terry', 'Danya');
insert into article_comment (article_id, user_account_id, content, created_at, modified_at, created_by, modified_by) values (35, 'eoghks', 'Etiam vel augue. Vestibulum rutrum rutrum neque. Aenean auctor gravida sem.', '2021-06-09 20:52:05', '2021-02-09 10:13:32', 'Babs', 'Birch');
insert into article_comment (article_id, user_account_id, content, created_at, modified_at, created_by, modified_by) values (36, 'eoghks', 'Nullam porttitor lacus at turpis. Donec posuere metus vitae ipsum. Aliquam non mauris.', '2021-12-19 11:09:18', '2021-10-31 12:42:08', 'Hermie', 'Georgiana');
insert into article_comment (article_id, user_account_id, content, created_at, modified_at, created_by, modified_by) values (37, 'eoghks', 'Vestibulum quam sapien, varius ut, blandit non, interdum in, ante. Vestibulum ante ipsum primis in faucibus orci luctus et ultrices posuere cubilia Curae; Duis faucibus accumsan odio. Curabitur convallis.', '2021-11-26 14:24:04', '2021-11-21 14:49:46', 'Joanna', 'Perry');
insert into article_comment (article_id, user_account_id, content, created_at, modified_at, created_by, modified_by) values (38, 'eoghks', 'Mauris enim leo, rhoncus sed, vestibulum sit amet, cursus id, turpis. Integer aliquet, massa id lobortis convallis, tortor risus dapibus augue, vel accumsan tellus nisi eu orci. Mauris lacinia sapien quis libero.', '2021-09-22 13:29:43', '2021-03-20 04:10:11', 'Damaris', 'Harry');
insert into article_comment (article_id, user_account_id, content, created_at, modified_at, created_by, modified_by) values (39, 'eoghks', 'Nulla ut erat id mauris vulputate elementum. Nullam varius. Nulla facilisi.', '2021-07-27 13:57:31', '2021-06-29 08:38:25', 'Averell', 'Maryjo');
insert into article_comment (article_id, user_account_id, content, created_at, modified_at, created_by, modified_by) values (40, 'eoghks', 'In hac habitasse platea dictumst. Etiam faucibus cursus urna. Ut tellus.', '2021-12-05 00:01:55', '2021-11-03 23:47:02', 'Renie', 'Holt');
insert into article_comment (article_id, user_account_id, content, created_at, modified_at, created_by, modified_by) values (41, 'eoghks', 'Morbi porttitor lorem id ligula. Suspendisse ornare consequat lectus. In est risus, auctor sed, tristique in, tempus sit amet, sem.', '2021-09-16 17:14:06', '2021-04-19 14:08:20', 'Clem', 'Ryley');
insert into article_comment (article_id, user_account_id, content, created_at, modified_at, created_by, modified_by) values (42, 'eoghks', 'Maecenas tristique, est et tempus semper, est quam pharetra magna, ac consequat metus sapien ut nunc. Vestibulum ante ipsum primis in faucibus orci luctus et ultrices posuere cubilia Curae; Mauris viverra diam vitae quam. Suspendisse potenti.', '2021-01-31 08:15:41', '2021-08-13 11:17:34', 'Gay', 'Geoff');
insert into article_comment (article_id, user_account_id, content, created_at, modified_at, created_by, modified_by) values (43, 'eoghks', 'Vestibulum quam sapien, varius ut, blandit non, interdum in, ante. Vestibulum ante ipsum primis in faucibus orci luctus et ultrices posuere cubilia Curae; Duis faucibus accumsan odio. Curabitur convallis.', '2021-02-05 20:55:43', '2021-09-05 05:26:27', 'Heddie', 'Claudian');
insert into article_comment (article_id, user_account_id, content, created_at, modified_at, created_by, modified_by) values (44, 'eoghks', 'Duis aliquam convallis nunc. Proin at turpis a pede posuere nonummy. Integer non velit.', '2021-09-13 16:38:56', '2021-06-19 09:26:51', 'Aldin', 'Ryan');
insert into article_comment (article_id, user_account_id, content, created_at, modified_at, created_by, modified_by) values (45, 'eoghks', 'Etiam vel augue. Vestibulum rutrum rutrum neque. Aenean auctor gravida sem.', '2021-03-04 20:16:16', '2021-10-26 02:37:45', 'Ignacio', 'Glyn');
insert into article_comment (article_id, user_account_id, content, created_at, modified_at, created_by, modified_by) values (46, 'eoghks', 'Cras non velit nec nisi vulputate nonummy. Maecenas tincidunt lacus at velit. Vivamus vel nulla eget eros elementum pellentesque.', '2021-09-19 01:02:32', '2021-03-17 13:37:23', 'Megan', 'Berkley');
insert into article_comment (article_id, user_account_id, content, created_at, modified_at, created_by, modified_by) values (47, 'eoghks', 'Cras mi pede, malesuada in, imperdiet et, commodo vulputate, justo. In blandit ultrices enim. Lorem ipsum dolor sit amet, consectetuer adipiscing elit.', '2021-08-16 02:59:57', '2021-08-02 03:15:18', 'Orin', 'Bria');
insert into article_comment (article_id, user_account_id, content, created_at, modified_at, created_by, modified_by) values (48, 'eoghks', 'Phasellus sit amet erat. Nulla tempus. Vivamus in felis eu sapien cursus vestibulum.', '2021-06-26 02:41:48', '2021-08-12 06:43:56', 'Zed', 'Humberto');
insert into article_comment (article_id, user_account_id, content, created_at, modified_at, created_by, modified_by) values (49, 'eoghks', 'Vestibulum quam sapien, varius ut, blandit non, interdum in, ante. Vestibulum ante ipsum primis in faucibus orci luctus et ultrices posuere cubilia Curae; Duis faucibus accumsan odio. Curabitur convallis.', '2022-01-10 02:53:17', '2021-07-18 02:32:37', 'Maxie', 'Cora');
insert into article_comment (article_id, user_account_id, content, created_at, modified_at, created_by, modified_by) values (50, 'eoghks', 'Aliquam quis turpis eget elit sodales scelerisque. Mauris sit amet eros. Suspendisse accumsan tortor quis turpis.', '2021-04-24 09:48:44', '2021-12-20 05:06:07', 'Thorny', 'Siouxie');
insert into article_comment (article_id, user_account_id, content, created_at, modified_at, created_by, modified_by) values (51, 'eoghks', 'Nullam porttitor lacus at turpis. Donec posuere metus vitae ipsum. Aliquam non mauris.', '2022-01-22 11:23:43', '2021-06-21 11:28:54', 'Hiram', 'Karon');
insert into article_comment (article_id, user_account_id, content, created_at, modified_at, created_by, modified_by) values (52, 'eoghks', 'Proin eu mi. Nulla ac enim. In tempor, turpis nec euismod scelerisque, quam turpis adipiscing lorem, vitae mattis nibh ligula nec sem.', '2021-04-13 21:26:26', '2021-02-02 21:21:43', 'Adolpho', 'Woodman');
insert into article_comment (article_id, user_account_id, content, created_at, modified_at, created_by, modified_by) values (53, 'eoghks', 'Sed ante. Vivamus tortor. Duis mattis egestas metus.', '2021-08-25 20:49:45', '2021-11-04 07:39:31', 'Berty', 'Ransom');
insert into article_comment (article_id, user_account_id, content, created_at, modified_at, created_by, modified_by) values (54, 'eoghks', 'Sed ante. Vivamus tortor. Duis mattis egestas metus.', '2022-01-01 13:14:37', '2021-12-05 22:29:28', 'Barry', 'Bili');
insert into article_comment (article_id, user_account_id, content, created_at, modified_at, created_by, modified_by) values (55, 'eoghks', 'Nullam sit amet turpis elementum ligula vehicula consequat. Morbi a ipsum. Integer a nibh.', '2021-10-12 14:09:49', '2021-11-07 09:05:54', 'Valentia', 'Peyter');
insert into article_comment (article_id, user_account_id, content, created_at, modified_at, created_by, modified_by) values (56, 'eoghks', 'Curabitur in libero ut massa volutpat convallis. Morbi odio odio, elementum eu, interdum eu, tincidunt in, leo. Maecenas pulvinar lobortis est.', '2021-02-24 14:06:02', '2021-05-13 20:05:54', 'Maurita', 'Jilli');
insert into article_comment (article_id, user_account_id, content, created_at, modified_at, created_by, modified_by) values (57, 'eoghks', 'Proin interdum mauris non ligula pellentesque ultrices. Phasellus id sapien in sapien iaculis congue. Vivamus metus arcu, adipiscing molestie, hendrerit at, vulputate vitae, nisl.', '2021-12-28 15:26:28', '2021-06-21 07:10:11', 'Fidelity', 'Celine');
insert into article_comment (article_id, user_account_id, content, created_at, modified_at, created_by, modified_by) values (58, 'eoghks', 'Praesent blandit. Nam nulla. Integer pede justo, lacinia eget, tincidunt eget, tempus vel, pede.', '2022-01-08 21:41:19', '2021-11-11 04:11:23', 'Gaspard', 'Cathie');
insert into article_comment (article_id, user_account_id, content, created_at, modified_at, created_by, modified_by) values (59, 'eoghks', 'Proin eu mi. Nulla ac enim. In tempor, turpis nec euismod scelerisque, quam turpis adipiscing lorem, vitae mattis nibh ligula nec sem.', '2021-05-29 11:04:40', '2021-05-04 02:10:50', 'Luciana', 'Sheelagh');
insert into article_comment (article_id, user_account_id, content, created_at, modified_at, created_by, modified_by) values (60, 'eoghks', 'In congue. Etiam justo. Etiam pretium iaculis justo.', '2021-12-11 23:40:51', '2022-01-08 11:38:52', 'Bing', 'Ilka');
insert into article_comment (article_id, user_account_id, content, created_at, modified_at, created_by, modified_by) values (61, 'eoghks', 'Cras mi pede, malesuada in, imperdiet et, commodo vulputate, justo. In blandit ultrices enim. Lorem ipsum dolor sit amet, consectetuer adipiscing elit.', '2021-11-24 00:32:09', '2021-09-28 09:31:08', 'Sheelah', 'Oralle');
insert into article_comment (article_id, user_account_id, content, created_at, modified_at, created_by, modified_by) values (62, 'eoghks', 'Lorem ipsum dolor sit amet, consectetuer adipiscing elit. Proin risus. Praesent lectus.', '2021-08-02 07:50:30', '2022-01-11 22:41:38', 'Gertrud', 'Jack');
insert into article_comment (article_id, user_account_id, content, created_at, modified_at, created_by, modified_by) values (63, 'eoghks', 'Aenean lectus. Pellentesque eget nunc. Donec quis orci eget orci vehicula condimentum.', '2021-03-15 00:44:51', '2021-09-30 11:00:23', 'Ketty', 'Freddy');
insert into article_comment (article_id, user_account_id, content, created_at, modified_at, created_by, modified_by) values (64, 'eoghks', 'Curabitur gravida nisi at nibh. In hac habitasse platea dictumst. Aliquam augue quam, sollicitudin vitae, consectetuer eget, rutrum at, lorem.', '2021-02-11 21:02:23', '2021-03-22 05:05:52', 'Bianka', 'Cole');
insert into article_comment (article_id, user_account_id, content, created_at, modified_at, created_by, modified_by) values (65, 'eoghks', 'Vestibulum ac est lacinia nisi venenatis tristique. Fusce congue, diam id ornare imperdiet, sapien urna pretium nisl, ut volutpat sapien arcu sed augue. Aliquam erat volutpat.', '2021-04-19 15:38:15', '2021-12-25 12:10:10', 'Noelyn', 'Alys');
insert into article_comment (article_id, user_account_id, content, created_at, modified_at, created_by, modified_by) values (66, 'eoghks', 'Proin eu mi. Nulla ac enim. In tempor, turpis nec euismod scelerisque, quam turpis adipiscing lorem, vitae mattis nibh ligula nec sem.', '2021-05-15 21:03:46', '2021-11-18 00:06:48', 'Corinna', 'Archer');
insert into article_comment (article_id, user_account_id, content, created_at, modified_at, created_by, modified_by) values (67, 'eoghks', 'Curabitur in libero ut massa volutpat convallis. Morbi odio odio, elementum eu, interdum eu, tincidunt in, leo. Maecenas pulvinar lobortis est.', '2021-08-26 00:26:38', '2021-09-23 11:36:11', 'Phillipp', 'Shannon');
insert into article_comment (article_id, user_account_id, content, created_at, modified_at, created_by, modified_by) values (68, 'eoghks', 'Vestibulum ac est lacinia nisi venenatis tristique. Fusce congue, diam id ornare imperdiet, sapien urna pretium nisl, ut volutpat sapien arcu sed augue. Aliquam erat volutpat.', '2021-11-26 01:04:06', '2021-08-11 15:09:34', 'Anett', 'Tierney');
insert into article_comment (article_id, user_account_id, content, created_at, modified_at, created_by, modified_by) values (69, 'eoghks', 'Vestibulum ac est lacinia nisi venenatis tristique. Fusce congue, diam id ornare imperdiet, sapien urna pretium nisl, ut volutpat sapien arcu sed augue. Aliquam erat volutpat.', '2021-11-09 04:04:28', '2021-03-11 04:38:34', 'Jackquelin', 'Terrel');
insert into article_comment (article_id, user_account_id, content, created_at, modified_at, created_by, modified_by) values (70, 'eoghks', 'Etiam vel augue. Vestibulum rutrum rutrum neque. Aenean auctor gravida sem.', '2021-07-12 09:10:20', '2021-02-24 02:15:00', 'Venus', 'Nana');
insert into article_comment (article_id, user_account_id, content, created_at, modified_at, created_by, modified_by) values (71, 'eoghks', 'Proin leo odio, porttitor id, consequat in, consequat ut, nulla. Sed accumsan felis. Ut at dolor quis odio consequat varius.', '2021-10-07 15:08:55', '2021-08-19 18:00:18', 'Welsh', 'Maxim');
insert into article_comment (article_id, user_account_id, content, created_at, modified_at, created_by, modified_by) values (72, 'eoghks', 'Curabitur gravida nisi at nibh. In hac habitasse platea dictumst. Aliquam augue quam, sollicitudin vitae, consectetuer eget, rutrum at, lorem.', '2021-08-14 19:14:00', '2021-10-11 19:23:15', 'Godfry', 'Moyra');
insert into article_comment (article_id, user_account_id, content, created_at, modified_at, created_by, modified_by) values (73, 'eoghks', 'Maecenas leo odio, condimentum id, luctus nec, molestie sed, justo. Pellentesque viverra pede ac diam. Cras pellentesque volutpat dui.', '2021-06-17 23:52:03', '2021-06-27 09:58:56', 'Isa', 'Cullen');
insert into article_comment (article_id, user_account_id, content, created_at, modified_at, created_by, modified_by) values (74, 'eoghks', 'Fusce consequat. Nulla nisl. Nunc nisl.', '2021-12-04 21:03:40', '2021-06-03 02:58:27', 'Lezlie', 'Catha');
insert into article_comment (article_id, user_account_id, content, created_at, modified_at, created_by, modified_by) values (75, 'eoghks', 'Curabitur at ipsum ac tellus semper interdum. Mauris ullamcorper purus sit amet nulla. Quisque arcu libero, rutrum ac, lobortis vel, dapibus at, diam.', '2021-05-05 22:41:49', '2021-12-29 19:23:37', 'Lynnea', 'Huntlee');
insert into article_comment (article_id, user_account_id, content, created_at, modified_at, created_by, modified_by) values (76, 'eoghks', 'Duis consequat dui nec nisi volutpat eleifend. Donec ut dolor. Morbi vel lectus in quam fringilla rhoncus.', '2021-03-04 19:37:00', '2021-05-30 21:48:22', 'Quill', 'Brenda');
insert into article_comment (article_id, user_account_id, content, created_at, modified_at, created_by, modified_by) values (77, 'eoghks', 'Duis bibendum, felis sed interdum venenatis, turpis enim blandit mi, in porttitor pede justo eu massa. Donec dapibus. Duis at velit eu est congue elementum.', '2021-02-10 10:20:44', '2021-05-11 23:57:51', 'Raquela', 'Lauren');
insert into article_comment (article_id, user_account_id, content, created_at, modified_at, created_by, modified_by) values (78, 'eoghks', 'Cum sociis natoque penatibus et magnis dis parturient montes, nascetur ridiculus mus. Vivamus vestibulum sagittis sapien. Cum sociis natoque penatibus et magnis dis parturient montes, nascetur ridiculus mus.', '2021-11-22 14:18:10', '2021-06-21 18:00:33', 'Amabel', 'Lewie');
insert into article_comment (article_id, user_account_id, content, created_at, modified_at, created_by, modified_by) values (79, 'eoghks', 'Praesent id massa id nisl venenatis lacinia. Aenean sit amet justo. Morbi ut odio.', '2021-06-15 12:21:03', '2021-10-12 16:13:56', 'Peggy', 'Rhianon');
insert into article_comment (article_id, user_account_id, content, created_at, modified_at, created_by, modified_by) values (80, 'eoghks', 'Cum sociis natoque penatibus et magnis dis parturient montes, nascetur ridiculus mus. Vivamus vestibulum sagittis sapien. Cum sociis natoque penatibus et magnis dis parturient montes, nascetur ridiculus mus.', '2021-04-08 19:10:34', '2021-03-05 05:46:43', 'Susannah', 'Dulsea');
insert into article_comment (article_id, user_account_id, content, created_at, modified_at, created_by, modified_by) values (81, 'eoghks', 'Curabitur at ipsum ac tellus semper interdum. Mauris ullamcorper purus sit amet nulla. Quisque arcu libero, rutrum ac, lobortis vel, dapibus at, diam.', '2021-04-13 05:10:05', '2021-05-01 13:20:32', 'Estrella', 'Antonina');
insert into article_comment (article_id, user_account_id, content, created_at, modified_at, created_by, modified_by) values (82, 'eoghks', 'Duis bibendum. Morbi non quam nec dui luctus rutrum. Nulla tellus.', '2021-12-19 08:17:05', '2021-04-24 04:35:57', 'Benedicta', 'Teena');
insert into article_comment (article_id, user_account_id, content, created_at, modified_at, created_by, modified_by) values (83, 'eoghks', 'Nullam sit amet turpis elementum ligula vehicula consequat. Morbi a ipsum. Integer a nibh.', '2021-06-11 03:53:04', '2021-06-20 00:09:16', 'Kassie', 'Claudio');
insert into article_comment (article_id, user_account_id, content, created_at, modified_at, created_by, modified_by) values (84, 'eoghks', 'Cras mi pede, malesuada in, imperdiet et, commodo vulputate, justo. In blandit ultrices enim. Lorem ipsum dolor sit amet, consectetuer adipiscing elit.', '2021-12-23 11:05:00', '2022-01-23 06:52:24', 'Mord', 'Dell');
insert into article_comment (article_id, user_account_id, content, created_at, modified_at, created_by, modified_by) values (85, 'eoghks', 'Proin eu mi. Nulla ac enim. In tempor, turpis nec euismod scelerisque, quam turpis adipiscing lorem, vitae mattis nibh ligula nec sem.', '2021-07-26 21:11:03', '2021-11-17 00:28:47', 'Vincenty', 'Lindon');
insert into article_comment (article_id, user_account_id, content, created_at, modified_at, created_by, modified_by) values (86, 'eoghks', 'Integer ac leo. Pellentesque ultrices mattis odio. Donec vitae nisi.', '2021-09-08 11:38:54', '2021-09-03 13:26:58', 'Denice', 'Dotti');
insert into article_comment (article_id, user_account_id, content, created_at, modified_at, created_by, modified_by) values (87, 'eoghks', 'Vestibulum ac est lacinia nisi venenatis tristique. Fusce congue, diam id ornare imperdiet, sapien urna pretium nisl, ut volutpat sapien arcu sed augue. Aliquam erat volutpat.', '2021-03-31 23:18:20', '2022-01-05 01:49:20', 'Aubert', 'Adriena');
insert into article_comment (article_id, user_account_id, content, created_at, modified_at, created_by, modified_by) values (88, 'eoghks', 'Maecenas ut massa quis augue luctus tincidunt. Nulla mollis molestie lorem. Quisque ut erat.', '2021-01-29 02:15:51', '2021-10-11 01:55:40', 'Brear', 'Tommy');
insert into article_comment (article_id, user_account_id, content, created_at, modified_at, created_by, modified_by) values (89, 'eoghks', 'Nulla ut erat id mauris vulputate elementum. Nullam varius. Nulla facilisi.', '2021-04-26 18:24:09', '2021-08-23 22:15:42', 'Avril', 'Zarah');
insert into article_comment (article_id, user_account_id, content, created_at, modified_at, created_by, modified_by) values (90, 'eoghks', 'Aliquam quis turpis eget elit sodales scelerisque. Mauris sit amet eros. Suspendisse accumsan tortor quis turpis.', '2021-03-29 16:10:53', '2021-03-08 03:20:36', 'Dukie', 'Silvanus');
insert into article_comment (article_id, user_account_id, content, created_at, modified_at, created_by, modified_by) values (91, 'eoghks', 'Nullam sit amet turpis elementum ligula vehicula consequat. Morbi a ipsum. Integer a nibh.', '2021-10-18 09:17:35', '2021-07-12 22:43:48', 'Judith', 'Adriana');
insert into article_comment (article_id, user_account_id, content, created_at, modified_at, created_by, modified_by) values (92, 'eoghks', 'In hac habitasse platea dictumst. Etiam faucibus cursus urna. Ut tellus.', '2021-08-04 17:01:45', '2021-03-16 07:55:50', 'Inna', 'Salome');
insert into article_comment (article_id, user_account_id, content, created_at, modified_at, created_by, modified_by) values (93, 'eoghks', 'Lorem ipsum dolor sit amet, consectetuer adipiscing elit. Proin risus. Praesent lectus.', '2021-08-10 17:12:45', '2021-05-01 05:37:58', 'Lucila', 'Krisha');
insert into article_comment (article_id, user_account_id, content, created_at, modified_at, created_by, modified_by) values (94, 'eoghks', 'Etiam vel augue. Vestibulum rutrum rutrum neque. Aenean auctor gravida sem.', '2021-10-25 17:21:20', '2021-04-30 19:46:12', 'Titus', 'Finlay');
insert into article_comment (article_id, user_account_id, content, created_at, modified_at, created_by, modified_by) values (95, 'eoghks', 'Aliquam quis turpis eget elit sodales scelerisque. Mauris sit amet eros. Suspendisse accumsan tortor quis turpis.', '2021-11-06 13:41:22', '2021-08-09 06:49:12', 'Carlyle', 'Daron');
insert into article_comment (article_id, user_account_id, content, created_at, modified_at, created_by, modified_by) values (96, 'eoghks', 'Suspendisse potenti. In eleifend quam a odio. In hac habitasse platea dictumst.', '2021-06-16 22:22:48', '2021-09-22 15:40:49', 'Sella', 'Euphemia');
insert into article_comment (article_id, user_account_id, content, created_at, modified_at, created_by, modified_by) values (97, 'eoghks', 'Cras mi pede, malesuada in, imperdiet et, commodo vulputate, justo. In blandit ultrices enim. Lorem ipsum dolor sit amet, consectetuer adipiscing elit.', '2021-06-23 19:23:46', '2021-03-11 03:44:50', 'Estele', 'Thurstan');
insert into article_comment (article_id, user_account_id, content, created_at, modified_at, created_by, modified_by) values (98, 'eoghks', 'Etiam vel augue. Vestibulum rutrum rutrum neque. Aenean auctor gravida sem.', '2021-06-18 12:14:59', '2021-09-16 16:12:19', 'Brendan', 'Claire');
insert into article_comment (article_id, user_account_id, content, created_at, modified_at, created_by, modified_by) values (99, 'eoghks', 'In hac habitasse platea dictumst. Morbi vestibulum, velit id pretium iaculis, diam erat fermentum justo, nec condimentum neque sapien placerat ante. Nulla justo.', '2021-09-25 13:30:27', '2021-06-23 14:49:33', 'Karrie', 'Drugi');
insert into article_comment (article_id, user_account_id, content, created_at, modified_at, created_by, modified_by) values (100, 'eoghks', 'Vestibulum ac est lacinia nisi venenatis tristique. Fusce congue, diam id ornare imperdiet, sapien urna pretium nisl, ut volutpat sapien arcu sed augue. Aliquam erat volutpat.', '2021-04-14 00:03:39', '2021-07-20 06:11:36', 'Latrina', 'Devonna');
insert into article_comment (article_id, user_account_id, content, created_at, modified_at, created_by, modified_by) values (1, 'eoghks', 'Cras mi pede, malesuada in, imperdiet et, commodo vulputate, justo. In blandit ultrices enim. Lorem ipsum dolor sit amet, consectetuer adipiscing elit.', '2021-07-17 02:16:02', '2021-06-11 02:36:48', 'Rivi', 'Brigitte');
insert into article_comment (article_id, user_account_id, content, created_at, modified_at, created_by, modified_by) values (2, 'eoghks', 'Integer tincidunt ante vel ipsum. Praesent blandit lacinia erat. Vestibulum sed magna at nunc commodo placerat.', '2021-09-22 18:36:27', '2021-09-27 10:57:48', 'Isak', 'Glenda');
insert into article_comment (article_id, user_account_id, content, created_at, modified_at, created_by, modified_by) values (3, 'eoghks', 'Mauris enim leo, rhoncus sed, vestibulum sit amet, cursus id, turpis. Integer aliquet, massa id lobortis convallis, tortor risus dapibus augue, vel accumsan tellus nisi eu orci. Mauris lacinia sapien quis libero.', '2022-01-15 09:32:36', '2021-11-15 15:36:46', 'Shawnee', 'Zak');
insert into article_comment (article_id, user_account_id, content, created_at, modified_at, created_by, modified_by) values (4, 'eoghks', 'In hac habitasse platea dictumst. Etiam faucibus cursus urna. Ut tellus.', '2022-01-27 13:39:21', '2021-08-19 14:44:46', 'Euphemia', 'Leoine');
insert into article_comment (article_id, user_account_id, content, created_at, modified_at, created_by, modified_by) values (5, 'eoghks', 'Phasellus in felis. Donec semper sapien a libero. Nam dui.', '2022-01-10 04:44:57', '2021-03-05 15:18:20', 'Jens', 'Clement');
insert into article_comment (article_id, user_account_id, content, created_at, modified_at, created_by, modified_by) values (6, 'eoghks', 'Cras non velit nec nisi vulputate nonummy. Maecenas tincidunt lacus at velit. Vivamus vel nulla eget eros elementum pellentesque.', '2021-08-16 11:58:31', '2021-04-26 19:41:36', 'Lark', 'Abel');
insert into article_comment (article_id, user_account_id, content, created_at, modified_at, created_by, modified_by) values (7, 'eoghks', 'Nullam sit amet turpis elementum ligula vehicula consequat. Morbi a ipsum. Integer a nibh.', '2021-10-06 07:30:42', '2021-02-24 07:17:29', 'Mikkel', 'Joycelin');
insert into article_comment (article_id, user_account_id, content, created_at, modified_at, created_by, modified_by) values (8, 'eoghks', 'Nullam sit amet turpis elementum ligula vehicula consequat. Morbi a ipsum. Integer a nibh.', '2021-09-06 17:37:54', '2021-03-20 19:09:13', 'Gan', 'Bourke');
insert into article_comment (article_id, user_account_id, content, created_at, modified_at, created_by, modified_by) values (9, 'eoghks', 'Curabitur gravida nisi at nibh. In hac habitasse platea dictumst. Aliquam augue quam, sollicitudin vitae, consectetuer eget, rutrum at, lorem.', '2021-08-15 07:19:35', '2021-04-18 21:59:12', 'Odilia', 'Wald');
insert into article_comment (article_id, user_account_id, content, created_at, modified_at, created_by, modified_by) values (10, 'eoghks2', 'Praesent id massa id nisl venenatis lacinia. Aenean sit amet justo. Morbi ut odio.', '2021-03-30 05:41:31', '2021-08-27 02:05:13', 'Harmonia', 'Benjamen');
insert into article_comment (article_id, user_account_id, content, created_at, modified_at, created_by, modified_by) values (11, 'eoghks2', 'Cras mi pede, malesuada in, imperdiet et, commodo vulputate, justo. In blandit ultrices enim. Lorem ipsum dolor sit amet, consectetuer adipiscing elit.', '2021-11-09 05:18:55', '2021-05-16 12:31:28', 'Eldredge', 'Dedie');
insert into article_comment (article_id, user_account_id, content, created_at, modified_at, created_by, modified_by) values (12, 'eoghks2', 'Nulla ut erat id mauris vulputate elementum. Nullam varius. Nulla facilisi.', '2021-10-10 05:37:44', '2021-03-07 16:14:27', 'Haskel', 'Chane');
insert into article_comment (article_id, user_account_id, content, created_at, modified_at, created_by, modified_by) values (13, 'eoghks2', 'In quis justo. Maecenas rhoncus aliquam lacus. Morbi quis tortor id nulla ultrices aliquet.', '2021-02-10 19:36:44', '2021-06-18 05:30:48', 'Willamina', 'Travus');
insert into article_comment (article_id, user_account_id, content, created_at, modified_at, created_by, modified_by) values (14, 'eoghks2', 'Aenean lectus. Pellentesque eget nunc. Donec quis orci eget orci vehicula condimentum.', '2021-04-22 03:52:49', '2022-01-20 18:33:42', 'Sal', 'Bennett');
insert into article_comment (article_id, user_account_id, content, created_at, modified_at, created_by, modified_by) values (15, 'eoghks2', 'Cum sociis natoque penatibus et magnis dis parturient montes, nascetur ridiculus mus. Vivamus vestibulum sagittis sapien. Cum sociis natoque penatibus et magnis dis parturient montes, nascetur ridiculus mus.', '2021-05-19 19:02:58', '2021-07-05 09:29:17', 'Carla', 'Clarence');
insert into article_comment (article_id, user_account_id, content, created_at, modified_at, created_by, modified_by) values (16, 'eoghks2', 'Fusce posuere felis sed lacus. Morbi sem mauris, laoreet ut, rhoncus aliquet, pulvinar sed, nisl. Nunc rhoncus dui vel sem.', '2021-03-17 21:24:11', '2021-12-10 07:54:22', 'Caron', 'Valentino');
insert into article_comment (article_id, user_account_id, content, created_at, modified_at, created_by, modified_by) values (17, 'eoghks2', 'Aenean lectus. Pellentesque eget nunc. Donec quis orci eget orci vehicula condimentum.', '2021-07-24 08:16:15', '2021-12-22 12:55:08', 'Parrnell', 'Linet');
insert into article_comment (article_id, user_account_id, content, created_at, modified_at, created_by, modified_by) values (18, 'eoghks2', 'Donec diam neque, vestibulum eget, vulputate ut, ultrices vel, augue. Vestibulum ante ipsum primis in faucibus orci luctus et ultrices posuere cubilia Curae; Donec pharetra, magna vestibulum aliquet ultrices, erat tortor sollicitudin mi, sit amet lobortis sapien sapien non mi. Integer ac neque.', '2021-06-14 06:55:22', '2021-02-13 15:30:22', 'Marvin', 'Kiel');
insert into article_comment (article_id, user_account_id, content, created_at, modified_at, created_by, modified_by) values (19, 'eoghks2', 'Maecenas ut massa quis augue luctus tincidunt. Nulla mollis molestie lorem. Quisque ut erat.', '2021-02-25 10:56:09', '2021-05-10 10:57:34', 'Sullivan', 'Calli');
insert into article_comment (article_id, user_account_id, content, created_at, modified_at, created_by, modified_by) values (20, 'eoghks2', 'Proin eu mi. Nulla ac enim. In tempor, turpis nec euismod scelerisque, quam turpis adipiscing lorem, vitae mattis nibh ligula nec sem.', '2021-10-01 04:50:04', '2021-06-17 10:52:43', 'Orelia', 'Frances');
insert into article_comment (article_id, user_account_id, content, created_at, modified_at, created_by, modified_by) values (21, 'eoghks2', 'Maecenas ut massa quis augue luctus tincidunt. Nulla mollis molestie lorem. Quisque ut erat.', '2021-03-02 19:43:47', '2021-05-30 14:43:33', 'Keely', 'Andi');
insert into article_comment (article_id, user_account_id, content, created_at, modified_at, created_by, modified_by) values (22, 'eoghks2', 'Morbi porttitor lorem id ligula. Suspendisse ornare consequat lectus. In est risus, auctor sed, tristique in, tempus sit amet, sem.', '2021-10-16 05:55:37', '2021-09-27 00:49:31', 'Nelson', 'Abigale');
insert into article_comment (article_id, user_account_id, content, created_at, modified_at, created_by, modified_by) values (23, 'eoghks2', 'Cras mi pede, malesuada in, imperdiet et, commodo vulputate, justo. In blandit ultrices enim. Lorem ipsum dolor sit amet, consectetuer adipiscing elit.', '2021-03-03 20:04:48', '2021-09-29 18:09:28', 'Ray', 'Elvira');
insert into article_comment (article_id, user_account_id, content, created_at, modified_at, created_by, modified_by) values (24, 'eoghks2', 'Praesent id massa id nisl venenatis lacinia. Aenean sit amet justo. Morbi ut odio.', '2021-10-09 04:25:43', '2021-09-02 12:33:56', 'Karlie', 'Iosep');
insert into article_comment (article_id, user_account_id, content, created_at, modified_at, created_by, modified_by) values (25, 'eoghks2', 'Integer ac leo. Pellentesque ultrices mattis odio. Donec vitae nisi.', '2021-03-05 15:17:47', '2021-04-18 23:58:22', 'Alvis', 'Elbertina');
insert into article_comment (article_id, user_account_id, content, created_at, modified_at, created_by, modified_by) values (26, 'eoghks2', 'In hac habitasse platea dictumst. Morbi vestibulum, velit id pretium iaculis, diam erat fermentum justo, nec condimentum neque sapien placerat ante. Nulla justo.', '2021-02-17 06:02:58', '2021-07-17 10:29:15', 'Niccolo', 'Caryl');
insert into article_comment (article_id, user_account_id, content, created_at, modified_at, created_by, modified_by) values (27, 'eoghks2', 'Fusce posuere felis sed lacus. Morbi sem mauris, laoreet ut, rhoncus aliquet, pulvinar sed, nisl. Nunc rhoncus dui vel sem.', '2021-04-19 09:12:58', '2021-02-06 11:05:00', 'Gregor', 'Allene');
insert into article_comment (article_id, user_account_id, content, created_at, modified_at, created_by, modified_by) values (28, 'eoghks2', 'In quis justo. Maecenas rhoncus aliquam lacus. Morbi quis tortor id nulla ultrices aliquet.', '2022-01-27 18:34:41', '2021-05-01 09:51:13', 'Lacee', 'Christyna');
insert into article_comment (article_id, user_account_id, content, created_at, modified_at, created_by, modified_by) values (29, 'eoghks2', 'Proin interdum mauris non ligula pellentesque ultrices. Phasellus id sapien in sapien iaculis congue. Vivamus metus arcu, adipiscing molestie, hendrerit at, vulputate vitae, nisl.', '2021-06-19 03:17:16', '2021-10-28 17:56:57', 'Oralie', 'Francine');
insert into article_comment (article_id, user_account_id, content, created_at, modified_at, created_by, modified_by) values (30, 'eoghks2', 'Duis aliquam convallis nunc. Proin at turpis a pede posuere nonummy. Integer non velit.', '2021-12-08 01:37:26', '2021-12-17 17:38:56', 'Michelle', 'Albina');
insert into article_comment (article_id, user_account_id, content, created_at, modified_at, created_by, modified_by) values (31, 'eoghks2', 'Maecenas tristique, est et tempus semper, est quam pharetra magna, ac consequat metus sapien ut nunc. Vestibulum ante ipsum primis in faucibus orci luctus et ultrices posuere cubilia Curae; Mauris viverra diam vitae quam. Suspendisse potenti.', '2021-11-08 20:17:43', '2021-08-23 09:45:12', 'Luca', 'Scottie');
insert into article_comment (article_id, user_account_id, content, created_at, modified_at, created_by, modified_by) values (32, 'eoghks2', 'Suspendisse potenti. In eleifend quam a odio. In hac habitasse platea dictumst.', '2021-11-25 05:49:40', '2022-01-20 09:34:10', 'Eachelle', 'Cristobal');
insert into article_comment (article_id, user_account_id, content, created_at, modified_at, created_by, modified_by) values (33, 'eoghks2', 'Maecenas ut massa quis augue luctus tincidunt. Nulla mollis molestie lorem. Quisque ut erat.', '2021-08-04 12:41:31', '2021-07-19 01:46:24', 'Olwen', 'Trstram');
insert into article_comment (article_id, user_account_id, content, created_at, modified_at, created_by, modified_by) values (34, 'eoghks2', 'Duis bibendum. Morbi non quam nec dui luctus rutrum. Nulla tellus.', '2021-01-28 12:55:58', '2021-12-27 07:55:30', 'Ricca', 'Glad');
insert into article_comment (article_id, user_account_id, content, created_at, modified_at, created_by, modified_by) values (35, 'eoghks2', 'Morbi non lectus. Aliquam sit amet diam in magna bibendum imperdiet. Nullam orci pede, venenatis non, sodales sed, tincidunt eu, felis.', '2021-03-10 15:41:07', '2021-08-31 14:23:52', 'Vincenz', 'Akim');
insert into article_comment (article_id, user_account_id, content, created_at, modified_at, created_by, modified_by) values (36, 'eoghks2', 'Cras non velit nec nisi vulputate nonummy. Maecenas tincidunt lacus at velit. Vivamus vel nulla eget eros elementum pellentesque.', '2021-03-18 08:25:08', '2021-01-30 07:25:19', 'Fredericka', 'Deana');
insert into article_comment (article_id, user_account_id, content, created_at, modified_at, created_by, modified_by) values (37, 'eoghks2', 'Proin eu mi. Nulla ac enim. In tempor, turpis nec euismod scelerisque, quam turpis adipiscing lorem, vitae mattis nibh ligula nec sem.', '2021-06-11 08:23:15', '2021-06-01 18:28:58', 'Alica', 'Marylou');
insert into article_comment (article_id, user_account_id, content, created_at, modified_at, created_by, modified_by) values (38, 'eoghks2', 'Praesent id massa id nisl venenatis lacinia. Aenean sit amet justo. Morbi ut odio.', '2021-06-13 04:37:25', '2021-08-24 04:06:59', 'Austine', 'Brander');
insert into article_comment (article_id, user_account_id, content, created_at, modified_at, created_by, modified_by) values (39, 'eoghks2', 'Aliquam quis turpis eget elit sodales scelerisque. Mauris sit amet eros. Suspendisse accumsan tortor quis turpis.', '2021-07-14 03:35:40', '2021-09-26 01:19:24', 'Honey', 'Averil');
insert into article_comment (article_id, user_account_id, content, created_at, modified_at, created_by, modified_by) values (40, 'eoghks2', 'Nullam sit amet turpis elementum ligula vehicula consequat. Morbi a ipsum. Integer a nibh.', '2021-04-14 17:29:42', '2021-05-29 07:44:05', 'Yoshi', 'Pyotr');
insert into article_comment (article_id, user_account_id, content, created_at, modified_at, created_by, modified_by) values (41, 'eoghks2', 'Etiam vel augue. Vestibulum rutrum rutrum neque. Aenean auctor gravida sem.', '2022-01-06 11:08:30', '2021-04-05 07:48:46', 'Margarita', 'Nappie');
insert into article_comment (article_id, user_account_id, content, created_at, modified_at, created_by, modified_by) values (42, 'eoghks2', 'Praesent id massa id nisl venenatis lacinia. Aenean sit amet justo. Morbi ut odio.', '2021-08-23 03:23:54', '2021-12-07 15:45:40', 'Lina', 'Sigmund');
insert into article_comment (article_id, user_account_id, content, created_at, modified_at, created_by, modified_by) values (43, 'eoghks2', 'Duis aliquam convallis nunc. Proin at turpis a pede posuere nonummy. Integer non velit.', '2021-05-04 23:09:09', '2021-02-28 20:35:13', 'Mortimer', 'Cynde');
insert into article_comment (article_id, user_account_id, content, created_at, modified_at, created_by, modified_by) values (70, 'eoghks2', 'Suspendisse potenti. In eleifend quam a odio. In hac habitasse platea dictumst.', '2021-11-04 21:15:35', '2021-05-23 11:49:22', 'Maggee', 'Andreas');
insert into article_comment (article_id, user_account_id, content, created_at, modified_at, created_by, modified_by) values (71, 'eoghks2', 'Suspendisse potenti. In eleifend quam a odio. In hac habitasse platea dictumst.', '2021-10-18 13:17:02', '2021-11-09 03:28:16', 'Melodee', 'Stavros');
insert into article_comment (article_id, user_account_id, content, created_at, modified_at, created_by, modified_by) values (72, 'eoghks2', 'Aenean lectus. Pellentesque eget nunc. Donec quis orci eget orci vehicula condimentum.', '2021-07-06 16:08:23', '2021-12-16 18:36:19', 'Otto', 'Bevon');
insert into article_comment (article_id, user_account_id, content, created_at, modified_at, created_by, modified_by) values (73, 'eoghks2', 'Aenean fermentum. Donec ut mauris eget massa tempor convallis. Nulla neque libero, convallis eget, eleifend luctus, ultricies eu, nibh.', '2021-11-08 07:30:14', '2021-08-19 16:53:19', 'Baron', 'Brenden');
insert into article_comment (article_id, user_account_id, content, created_at, modified_at, created_by, modified_by) values (74, 'eoghks2', 'Curabitur at ipsum ac tellus semper interdum. Mauris ullamcorper purus sit amet nulla. Quisque arcu libero, rutrum ac, lobortis vel, dapibus at, diam.', '2021-09-10 12:55:33', '2021-05-30 15:14:11', 'Viole', 'Nicol');
insert into article_comment (article_id, user_account_id, content, created_at, modified_at, created_by, modified_by) values (75, 'eoghks2', 'Praesent blandit. Nam nulla. Integer pede justo, lacinia eget, tincidunt eget, tempus vel, pede.', '2021-05-05 23:46:03', '2021-10-20 08:42:17', 'Florella', 'Agace');
insert into article_comment (article_id, user_account_id, content, created_at, modified_at, created_by, modified_by) values (76, 'eoghks2', 'Phasellus sit amet erat. Nulla tempus. Vivamus in felis eu sapien cursus vestibulum.', '2022-01-26 03:51:47', '2021-11-29 08:48:29', 'Calley', 'Sibby');
insert into article_comment (article_id, user_account_id, content, created_at, modified_at, created_by, modified_by) values (77, 'eoghks2', 'Donec diam neque, vestibulum eget, vulputate ut, ultrices vel, augue. Vestibulum ante ipsum primis in faucibus orci luctus et ultrices posuere cubilia Curae; Donec pharetra, magna vestibulum aliquet ultrices, erat tortor sollicitudin mi, sit amet lobortis sapien sapien non mi. Integer ac neque.', '2021-05-16 22:32:13', '2021-06-05 17:52:25', 'Matty', 'Georgeta');
insert into article_comment (article_id, user_account_id, content, created_at, modified_at, created_by, modified_by) values (78, 'eoghks2', 'Phasellus sit amet erat. Nulla tempus. Vivamus in felis eu sapien cursus vestibulum.', '2021-07-02 06:29:43', '2021-02-08 17:50:22', 'Caresse', 'Erina');
insert into article_comment (article_id, user_account_id, content, created_at, modified_at, created_by, modified_by) values (79, 'eoghks2', 'Aenean lectus. Pellentesque eget nunc. Donec quis orci eget orci vehicula condimentum.', '2021-06-25 03:21:35', '2021-06-07 02:04:52', 'Gene', 'Carlina');
insert into article_comment (article_id, user_account_id, content, created_at, modified_at, created_by, modified_by) values (80, 'eoghks2', 'Curabitur in libero ut massa volutpat convallis. Morbi odio odio, elementum eu, interdum eu, tincidunt in, leo. Maecenas pulvinar lobortis est.', '2021-12-30 16:55:12', '2021-12-24 17:56:24', 'Peri', 'Salim');
insert into article_comment (article_id, user_account_id, content, created_at, modified_at, created_by, modified_by) values (81, 'eoghks2', 'Cras non velit nec nisi vulputate nonummy. Maecenas tincidunt lacus at velit. Vivamus vel nulla eget eros elementum pellentesque.', '2021-09-16 19:26:23', '2021-05-10 11:21:38', 'Wakefield', 'Minette');
insert into article_comment (article_id, user_account_id, content, created_at, modified_at, created_by, modified_by) values (82, 'eoghks2', 'Suspendisse potenti. In eleifend quam a odio. In hac habitasse platea dictumst.', '2021-12-29 08:44:47', '2022-01-13 11:24:11', 'Ulrike', 'Giralda');
insert into article_comment (article_id, user_account_id, content, created_at, modified_at, created_by, modified_by) values (83, 'eoghks2', 'Duis consequat dui nec nisi volutpat eleifend. Donec ut dolor. Morbi vel lectus in quam fringilla rhoncus.', '2021-05-15 06:37:45', '2021-04-09 03:06:21', 'Carlye', 'Jereme');
insert into article_comment (article_id, user_account_id, content, created_at, modified_at, created_by, modified_by) values (84, 'eoghks2', 'Proin eu mi. Nulla ac enim. In tempor, turpis nec euismod scelerisque, quam turpis adipiscing lorem, vitae mattis nibh ligula nec sem.', '2021-04-20 12:26:33', '2021-12-25 13:00:06', 'Nial', 'Theobald');
insert into article_comment (article_id, user_account_id, content, created_at, modified_at, created_by, modified_by) values (85, 'eoghks2', 'Maecenas ut massa quis augue luctus tincidunt. Nulla mollis molestie lorem. Quisque ut erat.', '2021-02-23 18:19:15', '2021-03-08 09:51:13', 'Myrvyn', 'Ty');
insert into article_comment (article_id, user_account_id, content, created_at, modified_at, created_by, modified_by) values (86, 'eoghks2', 'Praesent id massa id nisl venenatis lacinia. Aenean sit amet justo. Morbi ut odio.', '2021-03-16 18:23:05', '2021-04-23 21:17:50', 'Martynne', 'Roby');
insert into article_comment (article_id, user_account_id, content, created_at, modified_at, created_by, modified_by) values (87, 'eoghks2', 'Aenean lectus. Pellentesque eget nunc. Donec quis orci eget orci vehicula condimentum.', '2021-02-21 11:37:06', '2021-11-21 11:57:40', 'Eydie', 'Gloriana');
insert into article_comment (article_id, user_account_id, content, created_at, modified_at, created_by, modified_by) values (88, 'eoghks2', 'Morbi porttitor lorem id ligula. Suspendisse ornare consequat lectus. In est risus, auctor sed, tristique in, tempus sit amet, sem.', '2022-01-05 17:37:19', '2021-07-17 16:25:27', 'Salvidor', 'Alvinia');
insert into article_comment (article_id, user_account_id, content, created_at, modified_at, created_by, modified_by) values (89, 'eoghks2', 'Duis aliquam convallis nunc. Proin at turpis a pede posuere nonummy. Integer non velit.', '2021-06-04 06:19:06', '2021-03-04 01:08:49', 'Terese', 'Benita');
insert into article_comment (article_id, user_account_id, content, created_at, modified_at, created_by, modified_by) values (90, 'eoghks2', 'Nulla ut erat id mauris vulputate elementum. Nullam varius. Nulla facilisi.', '2021-03-30 11:32:53', '2022-01-21 23:15:58', 'Man', 'Carol-jean');
insert into article_comment (article_id, user_account_id, content, created_at, modified_at, created_by, modified_by) values (91, 'eoghks2', 'Integer ac leo. Pellentesque ultrices mattis odio. Donec vitae nisi.', '2021-07-19 13:24:53', '2021-02-28 05:28:36', 'Keane', 'Tamar');
insert into article_comment (article_id, user_account_id, content, created_at, modified_at, created_by, modified_by) values (92, 'eoghks2', 'Quisque porta volutpat erat. Quisque erat eros, viverra eget, congue eget, semper rutrum, nulla. Nunc purus.', '2021-04-30 04:31:55', '2021-08-10 00:37:53', 'Asia', 'Rich');
insert into article_comment (article_id, user_account_id, content, created_at, modified_at, created_by, modified_by) values (93, 'eoghks2', 'Proin interdum mauris non ligula pellentesque ultrices. Phasellus id sapien in sapien iaculis congue. Vivamus metus arcu, adipiscing molestie, hendrerit at, vulputate vitae, nisl.', '2021-04-09 17:22:02', '2021-12-25 07:42:58', 'Emylee', 'Elissa');
insert into article_comment (article_id, user_account_id, content, created_at, modified_at, created_by, modified_by) values (94, 'eoghks2', 'Fusce consequat. Nulla nisl. Nunc nisl.', '2021-07-04 17:12:17', '2021-02-01 05:06:52', 'Patton', 'Lorianne');
insert into article_comment (article_id, user_account_id, content, created_at, modified_at, created_by, modified_by) values (95, 'eoghks2', 'In hac habitasse platea dictumst. Etiam faucibus cursus urna. Ut tellus.', '2021-08-21 03:34:53', '2021-11-26 05:38:53', 'Juline', 'Elvyn');
insert into article_comment (article_id, user_account_id, content, created_at, modified_at, created_by, modified_by) values (96, 'eoghks2', 'Cum sociis natoque penatibus et magnis dis parturient montes, nascetur ridiculus mus. Vivamus vestibulum sagittis sapien. Cum sociis natoque penatibus et magnis dis parturient montes, nascetur ridiculus mus.', '2021-02-06 17:00:17', '2021-08-20 18:15:02', 'Morgen', 'Faina');
insert into article_comment (article_id, user_account_id, content, created_at, modified_at, created_by, modified_by) values (97, 'eoghks2', 'Aenean fermentum. Donec ut mauris eget massa tempor convallis. Nulla neque libero, convallis eget, eleifend luctus, ultricies eu, nibh.', '2021-11-17 16:04:12', '2021-02-22 18:57:48', 'Alvy', 'Morissa');
insert into article_comment (article_id, user_account_id, content, created_at, modified_at, created_by, modified_by) values (98, 'eoghks2', 'Etiam vel augue. Vestibulum rutrum rutrum neque. Aenean auctor gravida sem.', '2021-03-22 22:34:21', '2021-06-02 07:45:38', 'Viva', 'Abrahan');
insert into article_comment (article_id, user_account_id, content, created_at, modified_at, created_by, modified_by) values (99, 'eoghks2', 'Cum sociis natoque penatibus et magnis dis parturient montes, nascetur ridiculus mus. Vivamus vestibulum sagittis sapien. Cum sociis natoque penatibus et magnis dis parturient montes, nascetur ridiculus mus.', '2021-03-13 13:22:23', '2021-03-13 18:10:36', 'Selia', 'Efrem');
insert into article_comment (article_id, user_account_id, content, created_at, modified_at, created_by, modified_by) values (100, 'eoghks2', 'In hac habitasse platea dictumst. Morbi vestibulum, velit id pretium iaculis, diam erat fermentum justo, nec condimentum neque sapien placerat ante. Nulla justo.', '2021-04-03 14:41:29', '2021-10-29 12:49:40', 'Kimble', 'Lanae');
